-- 
-- Données de tests anonymisées
-- Ce fichier a été anonymisé, les noms et prénoms, les adresses, numéro de 
-- téléphone, numéro AVS, email, etc. ont été transformés, en partie à l'aide
-- de https://mescanefeux.com/452.
-- 
-- Toutes similitudes avec des données rééles sont fortuites et involontaires.
-- 

/*!40101 SET @OLD_CHARACTER_SET_CLIENT=@@CHARACTER_SET_CLIENT */;
/*!40101 SET NAMES utf8 */;
/*!50503 SET NAMES utf8mb4 */;
/*!40014 SET @OLD_FOREIGN_KEY_CHECKS=@@FOREIGN_KEY_CHECKS, FOREIGN_KEY_CHECKS=0 */;
/*!40101 SET @OLD_SQL_MODE=@@SQL_MODE, SQL_MODE='NO_AUTO_VALUE_ON_ZERO' */;

USE `canap_db`;


DELETE FROM `access_group`;
/*!40000 ALTER TABLE `access_group` DISABLE KEYS */;
INSERT INTO `access_group` (`access_group_value`) VALUES
	('formateurs-commerce'),
	('formateurs-dessinateurs-ci'),
	('formateurs-gardiens-animaux'),
	('formateurs-informaticiens'),
	('formateurs-interactive-media-designer'),
	('formateurs-laborantins-en-biologie'),
	('formateurs-laborantins-en-chimie'),
	('formateurs-laborantins-en-physique'),
	('formateurs-logisticiens'),
	('formateurs-planificateurs-electriciens'),
	('formateurs-polymecaniciens');
/*!40000 ALTER TABLE `access_group` ENABLE KEYS */;


DELETE FROM `applicant`;
/*!40000 ALTER TABLE `applicant` DISABLE KEYS */;
INSERT INTO `applicant` (`applicant_id`, `applicant_guest_sciper`, `applicant_maturity`, `applicant_gender`, `applicant_name`, `applicant_fsname`, `applicant_address_street`, `applicant_address_npa`, `applicant_home_phone`, `applicant_personal_phone`, `applicant_mail`, `applicant_birthdate`, `applicant_origin`, `applicant_nationality`, `applicant_foreign_authorization`, `applicant_avs`, `applicant_main_language`, `applicant_speaks_french`, `applicant_speaks_german`, `applicant_speaks_english`, `applicant_speaks_other`, `applicant_has_majority`, `applicant_scolarity_end`, `applicant_already_applicant`, `applicant_already_applicant_year`, `applicant_application_date`, `applicant_application_updated_date`, `fk_applicant_main_responsible`, `fk_applicant_sec_responsible`, `fk_status`, `fk_position`) VALUES
	(472, 'G31989', 0, 'Homme', 'Auboisdormant', 'Abel', 'Av Floréal 9', '1008, Prilly', '+41749001020', '+41749001020', 'auboisdormant@outlook.com', '11/07/2000', 'Prilly', 'Suisse', '', '756.9352.8807.44', 'Français', 1, 0, 1, 1, 1, '2017', 0, '', '2020-06-17 20:13:15', NULL, NULL, NULL, 'Valide', 67),
	(483, 'G32008', 0, 'Homme', 'Troijours', 'Adam', 'Cossonay 142', '1020, Renens', '+41 21 645 06 80', '+41 75 772 24 63', 'adam_troijours@tvtmail.ch', '10/03/2004', 'Lausanne', 'Suisse', '', '756.6467.2214.53', 'Français / espagnol', 1, 1, 1, 1, 0, '2020', 0, '', '2020-09-12 18:12:31', NULL, 375, 376, 'Valide', 60),
	(484, 'G32167', 0, 'Femme', 'Kepoura', 'Adrienne', 'Rte de Chaulin 71F', '1832 Chamby', '074 959 22 00', '074 959 22 00', 'adrienne.kepoura@gmail.com', '11/04/1998', 'Suisse', 'Suisse', '', '756.9280.8279.16', 'Français', 1, 0, 1, 1, 1, '2014', 0, '', '2020-09-15 10:31:39', NULL, NULL, NULL, 'Valide', 60),
	(485, 'G32244', 1, 'Femme', 'Zeublouse', 'Agathe', 'Chemin du pâqueret 19  ', '1464 Chavannes-le-Chêne', '024 431 35 75', '074 635 93 35', 'zeublouse@gmail.com', '30/07/2005', 'Yverdon-les-Bains', 'Suisse ', '', '756.6924.8970.50', 'Français', 1, 1, 1, 0, 0, '2021', 0, '', '2020-09-15 18:23:52', NULL, 377, 378, 'Valide', 60),
	(486, 'G32248', 1, 'Homme', 'Épan', 'Ahmed', '85 rue de chateau gagneur 01170 Gex ', 'Bâtiment G', '00 33 642 80 48 06', '00 33 642 80 48 06', 'ahmed.epan@gmail.com', '06/06/1999', 'Chambery', 'francaise', 'B', '000000', 'français', 1, 0, 1, 0, 1, '2020', 0, '', '2020-09-17 09:45:18', '2021-01-06 17:32:37', NULL, NULL, 'Valide', 60),
	(487, 'G32267', 0, 'Homme', 'Embett', 'Akim', 'En Contramont 16', '1354 Montcherand', '+41 24 431 32 24', '+41 77 432 60 05', 'akim.embett@bluewin.ch', '26/06/2006', 'Uetendorf BE', 'Suisse', '', '756.7411.3756.17', 'Français', 0, 1, 1, 1, 0, '2021', 0, '', '2020-09-21 14:15:21', '2020-10-07 16:06:55', 379, 380, 'Valide', 60),
	(488, 'G32268', 0, 'Homme', 'dit C. Lafete', 'Sam', 'Rue de la Robella 23', '2114 Fleurier', '+41 32 862 22 72', '+41 77 422 96 32', 'sam.lafete@gmail.com', '25/10/2005', 'Egnach', 'Suisse', '', '756.1389.6028.36', 'Français', 1, 0, 0, 0, 0, '2021', 0, '', '2020-09-21 18:57:35', NULL, 381, 382, 'Valide', 60),
	(489, 'G31881', 0, 'Homme', 'Provist', 'Alain', 'Rte du Traux 15', '1913 Saillon', '+41 75 357 73 10', '+41 75 357 73 10', 'alain.provist@gmail.com', '11/05/1991', 'Pontoise, France', 'Française', 'B', '756.4170.9143.31', 'Français', 1, 0, 1, 0, 1, '2006', 0, '', '2020-09-22 10:45:14', NULL, NULL, NULL, 'Refusé', 60),
	(490, 'G32283', 1, 'Femme', 'Éha', 'Aline', 'Chemin de flroéal 13B', '1350 Orbe ', '024/421.33.38', '075/412.41.25', 'aline.eha@gmail.com', '22/01/2004', 'Lausanne, VD', 'Suisse ', '', '756.3732.2237.56', 'Tamil, Français', 1, 1, 1, 1, 0, '2019', 0, '', '2020-09-24 20:26:08', NULL, 383, 384, 'Valide', 60),
	(491, 'G32283', 1, 'Femme', 'Ozaur', 'Amandine', 'Chemin de floréal 6A', '1350 Orbe ', '024/421.33.38', '075/412.41.25', 'amandine.ozaur@gmail.com', '22/01/2004', 'Lausanne, VD', 'Suisse ', '', '756.3732.2237.56', 'Tamil, Français', 1, 1, 1, 1, 0, '2019', 0, '', '2020-09-24 20:51:53', NULL, 385, 386, 'Valide', 60),
	(492, 'G32302', 1, 'Homme', 'Berman', 'Aldo', 'Route du Crage 12', '1617 Remaufens', '+41 72 256 30 58', '+41 72 256 30 58', 'aldo.berman@gmail.com', '13/03/2006', 'Remaufens', 'Suisse', '', '756.5734.1755.94', 'Français', 1, 1, 1, 1, 0, '2021', 0, '', '2020-09-26 13:08:49', NULL, 387, 388, 'Valide', 60),
	(493, 'G32316', 0, 'Femme', 'Vapavitmélivaloin', 'Amélie', 'Rue de Montagny 5', '1400 Yverdon-les-Bains', '+41786158666', '+33631544856', 'vapavitmelivaloin@gmail.com', '24/03/2002', 'Lons-le-Saunier Jura France', 'française', 'B', '0000', 'français', 1, 0, 1, 1, 1, '2020', 0, '', '2020-10-01 18:59:58', NULL, NULL, NULL, 'Valide', 60),
	(494, 'G32329', 0, 'Homme', 'Gator', 'Ali', 'Rue de la Roselière 62', '1400, Yverdon-les-Bains', '+41 74 924 35 99', '+41 74 924 35 99', 'krokodyl@gmail.com', '05/02/2003', 'Portugal', 'Portuguaise', 'C', '756.7703.7355.32', 'Français', 1, 1, 1, 1, 0, '2018', 1, '2020', '2020-10-02 10:20:27', NULL, 389, 390, 'Valide', 60),
	(495, 'G31373', 1, 'Homme', 'Mentation', 'Ali', 'rue du lac 32', '1800 vevey', '+41737906670', '+41737906670', 'alimentation@yahoo.fr', '24/01/1984', 'vevey', 'Tunisie', 'B', '756.3182.1866.47', 'Francais', 1, 0, 1, 1, 1, '2009', 0, '', '2020-10-02 21:54:32', NULL, NULL, NULL, 'Refusé', 60),
	(496, 'G32334', 0, 'Homme', 'Balmaské', 'Alonzo', 'Rte de Vaularbel 19', '1468 Cheyres', '+41 75 7168875', '+41 75 7168875', 'balmaske@gmail.com', '16/03/2001', 'Bottens', 'Suisse', '', '756.4059.6319.61', 'français', 1, 1, 1, 0, 1, '2021', 0, '', '2020-10-04 19:04:47', NULL, NULL, NULL, 'Valide', 60),
	(497, 'G32341', 1, 'Femme', 'Versaire', 'Annie', 'route d\'Eclepens 3 ', '1307 Lussery-Villars', '+41 21 701 12 25', '+41 75 128 12 71', 'birthday@hotmail.com', '26/09/2000', 'Penthaz VD', 'suisse ', '', '756.1093.1595.27', 'Français', 1, 1, 1, 0, 1, '2021', 0, '', '2020-10-05 22:38:20', '2020-10-05 22:40:34', NULL, NULL, 'Valide', 60),
	(498, 'G32300', 0, 'Homme', 'Céouver', 'André', 'La Léchère 13', '1628 Vuadens', '+41 26 333 50 75', '+41 77 654 81 62', 'andre.c@gmail.com', '30/05/2006', 'Bagnes VS', 'Suisse', '', '756.0111.8521.43', 'Français', 1, 0, 0, 0, 0, '2021', 0, '', '2020-10-06 21:21:46', NULL, 391, 392, 'Valide', 60),
	(499, 'G32363', 0, 'Femme', 'Javel', 'Aude', 'rue de Vernes 16b', '2013 Colombier', '+41 32 941 10 24', '+41 75 682 14 58', 'aude.javel@gmail.com', '15/06/2002', 'Fribourg', 'Suisse', '', '756.5124.0383.16', 'Français', 1, 1, 1, 1, 1, '2017', 0, '', '2020-10-11 17:46:32', NULL, NULL, NULL, 'Valide', 60),
	(500, 'G32387', 0, 'Homme', 'Épéril', 'Astérix', 'Avenue de la Vignette 20', '1522, Lucens', '+41 72 732 75 04', '+41 72 732 75 04', 'asterix.e@gmail.com', '01/02/2006', 'Lucens', 'Suisse', '', '756.2122.0987.30', 'Français , Arabe', 1, 1, 1, 1, 0, '2021', 0, '', '2020-10-15 15:56:42', '2020-12-06 14:58:49', 393, 394, 'Valide', 60),
	(501, 'G32397', 0, 'Homme', 'Sahalor', 'Aubin', 'Rue du Cheminet 2', '1400 Yverdon-les-Bains', '078 432 12 92', '078 432 12 92', 'sahalor.aubin.12@gmail.com', '06/11/2004', 'Portugal', 'Portuguais ', 'C', '756.5512.0273.99', 'Portuguais', 1, 0, 1, 0, 0, '2020', 0, '', '2020-10-21 14:51:51', NULL, 395, 396, 'Incomplet', 60),
	(502, 'G32395', 0, 'Homme', 'Afritt', 'Barack', 'Avenue Henry Warnery 41', '1110 Morges', '+41 74 968 13 70', '+41 74 968 13 70', 'barack1985@gmail.com', '06/06/1985', 'Bovernier', 'Suisse', '', '756.0778.1985.26', 'Français', 0, 1, 1, 0, 1, '2007', 0, '', '2020-10-21 18:06:57', NULL, NULL, NULL, 'Refusé', 60),
	(503, 'G32409', 1, 'Homme', 'Tichaut', 'Bernard', 'Avenue du Silo 8', '1020, Renens ', '+41772781234', '+4177271234', 'btichaut@hotmail.com', '01/09/2002', 'Macédoine ', 'Macédonien ', 'B', '756.2700.3344.07', 'Français-macédonien', 1, 0, 0, 1, 1, '2021', 0, '', '2020-10-23 15:16:33', '2020-12-26 19:58:02', NULL, NULL, 'Valide', 60),
	(505, 'G32357', 0, 'Femme', 'Boréale', 'Aurore', 'Route des Soufflettes 1a', '1297 Founex', '+41223678642', '+4177512238', 'boreale@bluewin.ch', '15/09/2005', 'Lohn SO', 'Suisse', '', '7569947309496', 'Francais', 1, 0, 1, 0, 0, '2021', 0, '', '2020-10-26 17:27:40', NULL, 397, 398, 'Valide', 60),
	(506, 'G32419', 1, 'Homme', 'Hattérahl', 'Bill', 'route de la Bernadaz 17 a ', '1094 PAUDEX', '+41786136611', '+41786136611', 'billlou@yahoo.com', '02/12/1987', 'Tunisie', 'tunisienne', 'B', '756.5432.2368.03', 'français , arabe ', 1, 0, 1, 1, 1, '2006', 0, '', '2020-10-26 19:46:16', NULL, NULL, NULL, 'Refusé', 60),
	(509, 'G32441', 0, 'Femme', 'Onette', 'Camille', 'Rue de la Bourgeoisie 16', '1950 Sion', '+41786197300', '+41786197300', 'camillo@gmail.com', '28/02/1996', 'Espagne', 'Espagnole', 'B', '756.7620.1231.36', 'Espagnole', 1, 0, 1, 1, 1, '2019', 0, '', '2020-10-31 11:28:26', NULL, NULL, NULL, 'Valide', 50),
	(510, 'G32310', 0, 'Homme', 'Glace', 'Brice', 'Avenue de la Poste, 1', '1020 renens', '0754505432', '0754505432', 'brice.glace@gmail.com', '28/09/2004', 'Palézieux', 'Suisse', '', '756.7131.1234.88', 'Français', 1, 0, 0, 0, 0, '2021', 0, '', '2020-10-31 18:17:21', NULL, 399, 400, 'Valide', 61),
	(511, 'G32485', 0, 'Femme', 'Adéçin', 'Blanche', 'Route de Bettens 14', '1042 Bioley-Orjulaz', '+41739510987', '+41739510987', 'blance.adécin@gmail.com', '07/02/2001', 'Estavayer (Fr)', 'Suisse', '', '756.6453.1234.54', 'Français ', 1, 1, 1, 0, 1, '2017', 0, '', '2020-11-16 14:59:35', NULL, NULL, NULL, 'Valide', 50),
	(512, 'G32502', 0, 'Homme', 'Ottofraize', 'Charles', 'Via S. Gottardo 6A', '6900', '+41779709876', '+41779709876', 'charles@usi.ch', '08/12/1990', 'Iran', 'Iranian', 'L', '756.1484.1234.48', 'Persian', 0, 0, 1, 0, 1, '2020', 1, '2020', '2020-11-23 16:35:49', NULL, NULL, NULL, 'Refusé', 61),
	(513, 'G32510', 1, 'Femme', 'Zole', 'Camille', 'Ch de la Donnaz 40', '1802 Corseaux', '+41 74 311 11 22', '+41 74 311 11 22', 'cmaille.z@gmail.com', '21/11/2005', 'Dombresson', 'Suisse', '', '756.1234.4321.33', 'Français', 1, 1, 1, 0, 0, '2021', 0, '', '2020-11-25 21:56:22', NULL, 401, 402, 'Valide', 65),
	(514, 'G32522', 1, 'Homme', 'Cépacaré', 'Cicéron', 'Chemin des Aubépines 18', '1004, Lausanne', '+41 21647984', '+41 725930305', 'cepacare@gmail.com', '08/06/1998', 'Lausanne', 'Suisse', '', '756.3885.5678.27', 'Français', 1, 0, 1, 1, 1, '2014', 0, '', '2020-12-03 10:40:01', '2020-12-03 10:44:31', NULL, NULL, 'Valide', 61),
	(515, 'G32329', 0, 'Homme', 'Tine', 'Clément', 'Rue de la Roselière 22', '1400, Yverdon-les-Bains', '+41 74 922 00 14', '+41 74 922 00 14', 'clement.tine@gmail.com', '05/02/2003', 'Portugal', 'Portuguaise', 'C', '756 1111 5555 72', 'Français', 1, 1, 1, 1, 0, '2018', 1, '2020', '2020-12-03 15:59:12', NULL, 403, 404, 'Valide', 50),
	(516, 'G32525', 1, 'Homme', 'Hique', 'Cyril', 'Chemin de la Cure 12', '1008 Prilly', '+41 74 485 8833', '+41 74 485 8833', 'cyril.hique@gmail.com', '28/07/2005', 'Suisse', 'Suisse', '-', '--------', 'Français', 1, 1, 1, 1, 0, '2021', 0, '', '2020-12-03 19:50:16', NULL, 405, 406, 'Valide', 61),
	(517, 'G32167', 0, 'Femme', 'Dyossi', 'Daisy', 'Rte de Chaulin 6A', '1832 Chamby', '+41739394250', '+41739394250', 'daisydyossi@gmail.com', '11/04/1998', 'Montreux', 'Suisse', '', '756.9765.4321.16', 'Français', 1, 1, 1, 0, 1, '2014', 0, '', '2020-12-04 13:30:01', NULL, NULL, NULL, 'Valide', 50),
	(518, 'G32302', 1, 'Homme', 'Delion', 'Dan', 'Route du Crage 12', '1617 Remaufens', '+41772275310', '+41772275310', 'dandelion@gmail.com', '13/03/2006', 'Remaufens', 'Suisse', '', '756.6789.9876.94', 'Français', 1, 0, 0, 0, 0, '2021', 1, '2020', '2020-12-06 11:58:54', NULL, 407, 408, 'Valide', 50),
	(519, 'G32357', 1, 'Femme', 'Voyance', 'Claire', 'Route des Soufflettes 1', '1297 Founex', '+41223672933', '+41775124911', 'voyance@bluewin.ch', '15/09/2005', 'Lohn SO', 'Suisse', '', '756.0099.6677.96', 'Francais', 1, 0, 1, 0, 0, '2021', 1, '2020', '2020-12-06 14:40:31', NULL, 409, 410, 'Valide', 50),
	(521, 'G32387', 0, 'Femme', 'Rable', 'Daisy', 'Avenue de la Vignette 20', '1522, Lucens', '+41 72 827 33 09', '+41 72 827 33 09', 'daisyrable@gmail.com', '01/02/2006', 'Lucens', 'Suisse', '', '756.2222.5555.30', 'Français , Arabe', 1, 1, 1, 1, 0, '2021', 0, '', '2020-12-06 14:56:05', NULL, 413, 414, 'Valide', 50),
	(522, 'G32532', 0, 'Homme', 'Técenfote', 'Dick', 'Cossonay 102', '1020, Renens', '+41216350378', '+41787244463', 'dick.tecenfote@gmail.com', '10/03/2004', 'Lausanne', 'Suisse', '', '756.7777.2323.53', 'Français / espagnol', 1, 1, 1, 1, 0, '2020', 1, '2020', '2020-12-06 20:30:47', NULL, 415, 416, 'Valide', 50),
	(523, 'G32531', 0, 'Homme', 'Don Marcel', 'Eddy', 'fontaine 15', '1040 Echallens', '021 534 26 29', '075 739 32 82', 'eddy.don.marcel@edu-vd.ch', '30/08/2006', 'Lausanne', 'Suisse', '', '0000000000000', 'Français ', 1, 0, 0, 0, 0, '2021', 0, '', '2020-12-06 21:12:19', NULL, 417, 418, 'Valide', 50),
	(524, 'G32533', 0, 'Femme', 'Emoi', 'Elise', 'chemin de malley 66 ', '1007 Lausanne', '0753926745', '0753926745', 'elise@gmail.com', '25/08/1999', 'Portual', 'Portugaise', 'C', '756.6600.6363.85', 'Français', 1, 0, 0, 1, 1, '2016', 0, '', '2020-12-07 11:43:44', NULL, NULL, NULL, 'Nouveau', 66),
	(525, 'G32536', 0, 'Femme', 'Coptère', 'Élie', 'chemin des geais 19', '1066, epalinges', '+41 72 252 48 12', '+41 72 252 48 12', 'apache@webromand.ch', '01/06/1999', 'Sri lanka', 'Sri lankaise', 'F', '141669', 'tamoul', 1, 0, 1, 0, 1, '2017', 0, '', '2020-12-07 18:25:21', NULL, NULL, NULL, 'Valide', 61),
	(526, 'G32538', 1, 'Homme', 'Scylla', 'Eddy', 'Les Charmilles 50', '1623 Semsales', '+41 26 918 60 91', '+41 74 893 5133', 'eddysylla@cov.ch', '22/09/2006', 'Chamblon', 'Suisse', '', '756.4275.8504.78', 'Français', 1, 1, 1, 0, 0, '2021', 0, '', '2020-12-07 20:21:38', NULL, 419, NULL, 'Valide', 61),
	(527, 'G32539', 0, 'Homme', 'Prochain', 'Edmond', 'Ch. du Ruisselet 3', '1009, Pully', '+41 21 729 11 25', '+41 77 490 33 84', 'edmond@bluewin.ch', '15/05/2006', 'Schwarzenburg BE', 'Suisse', '', '756.3333.1485.75', 'Français', 1, 1, 1, 0, 0, '2021', 0, '', '2020-12-07 21:29:21', NULL, 420, 421, 'Nouveau', 66),
	(528, 'G32540', 1, 'Homme', 'Saintmichel', 'Edmond', 'A Vesin 8', '1483 Vesin', '+41 26 662 22 01', '+41 77 223 21 21', 'saintmichel@gmail.com', '12/08/2005', 'La Verrerie', 'Suisse', '', '756.4747.7171.08', 'Française', 1, 1, 1, 0, 0, '2021', 0, '', '2020-12-08 11:43:42', NULL, 422, 423, 'Valide', 50),
	(529, 'G32544', 0, 'Femme', 'Orial', 'Edith', 'route de l\'Eglise 20', '1897', '+336083609823', '+336083609823', 'edith.orial@gmail.com', '22/03/1990', 'Soisy-sous-Montmorency', 'Française', '', '756.5344.3434.27', 'française', 1, 0, 1, 0, 1, '2016', 0, '', '2020-12-08 16:05:08', NULL, NULL, NULL, 'Nouveau', 66),
	(530, 'G32548', 0, 'Homme', 'Hochet', 'Eric', 'Rue de Chamblon 43', '1400, Yverdon-les-Bains', '+41 24 426 15 44', '+41 75 940 18 81', 'hochet.eric@gmail.com', '29/03/1997', 'Lotzwil BE', 'Suisse', '', '756.9876.7162.49', 'Français', 1, 1, 1, 0, 1, '2013', 0, '', '2020-12-09 14:17:11', NULL, NULL, NULL, 'Valide', 61),
	(531, 'G32558', 0, 'Homme', 'Dustriel', 'Firmin', 'Avenue de Valmont 6', '1010', '021 144 14 28', '077 284 28 80', 'firmin9876@gmail.com', '09/03/2004', 'Montreal,Canada', 'Canada', 'c', '7564234483366', 'Français', 1, 0, 1, 0, 0, '2020', 0, '', '2020-12-11 20:18:23', NULL, 424, 425, 'Valide', 61),
	(532, 'G32560', 1, 'Homme', 'Voyage', 'Fred', 'Chemin Sous-Roche 33', '1052 Le Mont-sur-Lausanne', '+41 21 653 72 72', '+41 74 369 62 95', 'fred.vogage@gmail.com', '22/01/2006', 'Le Bémont Jura', 'Suisse', '', '756.1122.3344.88', 'Français', 1, 1, 1, 1, 0, '2021', 0, '', '2020-12-12 18:50:07', NULL, 426, 427, 'Valide', 61),
	(533, 'G32561', 0, 'Homme', 'Alizan', 'Gaspard', 'Chemin des Alpes 16', '1418 Vuarrens', '+41 72 123 77 85', '+41 72 123 77 85', 'gaspard7788@gmail.com', '10/08/2004', 'Bussigny', 'Suisse', '', '756.6677.1102.70', 'Français', 1, 0, 0, 1, 0, '2020', 0, '', '2020-12-13 14:08:24', NULL, 428, 429, 'Valide', 61),
	(534, 'G32572', 0, 'Homme', 'Fait', 'Gasard', 'Isabelle-De-Montolieu 19', '1010', '078 942 00 67', '078 942 00 67 ', 'gaspardfait@gmail.com', '13/05/2005', 'valais', 'suisse', '', '756.7876.7766.78', 'français', 1, 0, 0, 1, 0, '2020', 0, '', '2020-12-15 14:37:24', NULL, 430, 431, 'Nouveau', 65),
	(535, 'G31319', 0, 'Homme', 'Denledo', 'Geoffroy', 'Rte du Moulin Martinet 4', '1175 Lavigny', '+41 74 4863337', '+41 74 4863337', 'goeffroy@gmail.com', '20/08/2004', 'Bolligen', 'Suisse', '', '756.5124.7859.63', 'Français', 1, 1, 1, 0, 0, '2020', 1, '2019', '2020-12-15 20:17:10', NULL, 432, NULL, 'Valide', 61),
	(536, 'G32573', 0, 'Homme', 'Issime', 'Gérard', 'Boveresses 105', '1010 Lausanne ', '0216535450', '0755459828', 'gfroid@icloud.com', '30/04/2004', 'Lausanne ', 'Suisse ', '', '756.9392.3535.97', 'Française ', 1, 0, 0, 1, 0, '2020', 0, '', '2020-12-16 13:22:12', NULL, 433, 434, 'Nouveau', 65),
	(537, 'G32582', 0, 'Homme', 'Mendufric', 'Gérard', 'Chemin Gaudenies 24', '1267 Vich', '+41 22 365 38 27', '+41 75 353 58 50', 'gerard.mendufric@icloud.com', '11/01/2006', 'Annecy', 'France', 'B', '756.6765.3223.21', 'Français', 1, 0, 0, 0, 0, '2021', 0, '', '2020-12-16 16:50:03', NULL, 435, 436, 'Refusé', 61),
	(538, 'G32577', 0, 'Homme', 'Menvuça', 'Gerard', 'Chemin des Erables 7', '1860 Aigle', '075/847.89.98', '075/847.89.98', 'g.menvuca@participant.semochablais.ch', '12/05/2004', 'Concise ', 'Suisse', '', '756.8103.1992.11', 'Français', 1, 0, 1, 0, 0, '2020', 0, '', '2020-12-17 11:29:46', NULL, 437, 438, 'Valide', 50),
	(539, 'G32555', 0, 'Femme', 'Porée', 'Eva', 'Versvey 6', '1853 Yvorne', '075 786 88 10', '075 786 88 10', 'evo.poree@gmail.com', '04/10/1975', 'Venezuela', 'Vénézuélienne', 'C', '756.4321.1476.14', 'Français', 1, 0, 0, 1, 1, '1999', 0, '', '2020-12-18 14:18:51', NULL, NULL, NULL, 'Valide', 50),
	(540, 'G32581', 0, 'Homme', 'Don De Course', 'Guy', 'avenue victor-ruffy 9', '1012 lausanne', '+41772382123', '+41772382123', 'guidon@sunrise.ch', '02/04/2006', 'Lausanne', 'Suisse', '', '756.1122.3300.66', 'Francais', 1, 1, 1, 1, 0, '2021', 0, '', '2020-12-19 11:38:22', '2021-01-01 12:47:59', 439, 440, 'Valide', 61),
	(541, 'G32610', 1, 'Homme', 'Tar', 'Guy', 'En Bouley 122', '1680, Romont', '+41266523410', '+41731234324', 'guibson@co-glane.education', '30/04/2006', 'Genève', 'Suisse', '', '756.7654.8118.53', 'français', 1, 1, 1, 0, 0, '2021', 0, '', '2020-12-19 20:45:16', NULL, 441, NULL, 'Valide', 60),
	(542, 'G32615', 0, 'Homme', 'Stote', 'Harry', 'Avenue de Cour 50', '1007, Lausanne', '+41 75 620 13 23', '+41 75 620 13 23', 'artistote@gmail.com', '26/07/2004', 'Macédoine du Nord', 'Macédoine du Nord', 'C', '756.6765.7167.73', 'Albanais, Français', 0, 1, 1, 0, 0, '2021', 0, '', '2020-12-22 19:45:49', NULL, 442, 443, 'Nouveau', 67),
	(543, 'G32712', 0, 'Femme', 'Marolex', 'Eléonor', 'Rue de la paix 28 ', '1020 Renens ', '078 544 26 11 ', '078 544 26 11 ', 'eleonormarolex@gmail.com', '21/09/2001', 'Belgrade ', 'Suisse ', '', '756.4444.3333.86', 'Français ', 1, 1, 1, 1, 1, '2020', 0, '', '2020-12-27 14:13:28', NULL, NULL, NULL, 'Nouveau', 67),
	(544, 'G31950', 1, 'Homme', 'Fidèle', 'Hamoimème', 'Route d\'Yverdon- les- Bains 49', '1468 Cheyres ', '078.123.24.21', '032.123.92.70', 'Hamoimeme@gmail.com', '02/10/2001', 'Blendecques (France)', 'francaise', 'C', '756.1111.9876.74', 'francais', 1, 0, 1, 1, 1, '2018', 0, '', '2020-12-28 13:43:43', NULL, NULL, NULL, 'Valide', 60),
	(545, 'G32714', 1, 'Femme', 'Sion', 'Eva', 'Impasse des Charmilles 43', '1624 La Verrerie', '+41 75 654 14 63', '+41 75 654 14 63', 'eva.sion@outlook.com', '15/07/1977', 'Genève', 'Suisse', '', '756.0204.97.36.42', 'Français', 1, 1, 1, 0, 1, '1993', 0, '', '2020-12-28 14:44:36', NULL, NULL, NULL, 'Valide', 60),
	(547, 'G32370', 0, 'Femme', 'Lapêche', 'Ella', 'Av du Galicien 27 ', '1008 Prilly', '075 832 09 73', '075 831 99 73', 'ella.lapeche@gmail.com', '01/11/2004', 'Suisse', 'Suisse', '', '756.8476.1988.65', 'Français', 1, 1, 1, 1, 0, '2021', 0, '', '2020-12-28 22:09:53', NULL, 446, 447, 'Valide', 50),
	(548, 'G32370', 0, 'Femme', 'Lapêche', 'Ella', 'Av. du Galicien 27', '1008 Prilly', '075 832 09 73', '075 831 99 73', 'ella.lapeche@gmail.com', '01/11/2004', 'Prilly', 'Suisse', '', '756.8476.1988.65', 'Français', 1, 1, 1, 1, 0, '2021', 0, '', '2020-12-28 22:22:14', NULL, 448, 449, 'Valide', 60),
	(549, 'G31367', 1, 'Homme', 'Glier', 'Hassan', 'Rue de Lausanne 155', '1030 Bussigny', '021 784 36 37', '075 763 24 63', 'hassaglier@bluewin.ch', '23/01/2004', 'Vuisternens-devant-Romont FR', 'Suisse', '', '756.1922.0022.79', 'Français', 1, 0, 1, 0, 0, '2019', 0, '', '2020-12-29 14:53:46', NULL, 450, 451, 'Valide', 60),
	(550, 'G31367', 1, 'Homme', 'Glier', 'Hassan', 'Rue de Lausanne 155', '1030 Bussigny', '021 784 36 37', '075 763 24 63', 'hassaglier@bluewin.ch', '23/01/2004', 'Vuisternens-devant-Romont FR', 'Suisse', '', '756.1922.0022.79', 'Français', 1, 0, 1, 0, 0, '2019', 1, '2020', '2020-12-29 15:30:34', NULL, 452, 453, 'Nouveau', 63),
	(551, 'G25926', 0, 'Homme', 'Hencor', 'Henri', 'Av. de la Gare 26', '1003, Lausanne', '0787442066', '0787442066', 'henri.hencor@gmail.com', '29/08/1994', 'Lausanne', 'CH', '', '756.1234.5555.68', 'FR/ESP', 1, 0, 1, 1, 1, '2010', 1, '2018', '2021-01-02 15:28:41', NULL, NULL, NULL, 'Refusé', 61),
	(552, 'G32729', 1, 'Homme', 'Hésotte', 'Eric', 'chemin de la croisette 19c', '1260 nyon', '+41225433936', '+41734524824', 'eric.hesotte@bluewin.ch', '02/03/2006', 'Vaulion', 'Suisse', '', '756.2344.2342.52', 'français', 1, 1, 1, 0, 0, '2021', 0, '', '2021-01-04 01:39:24', NULL, 454, 455, 'Valide', 50),
	(553, 'G32730', 1, 'Femme', 'Danstépensé', 'Julie', 'Route de Moudon 8', '1522 Lucens', '075 439 73 22', '075 439 73 22', 'juju2002@icloud.com', '27/08/2002', 'Lucens', 'Suisse', '', '756.5983.1399.11', 'Français', 1, 0, 1, 0, 1, '2020', 0, '', '2021-01-04 11:55:47', NULL, NULL, NULL, 'Nouveau', 63),
	(554, 'G32736', 0, 'Homme', 'Prendnote', 'Jean', 'Route de Burtigny 12', '1269, Bassins', '0786930561', '+41 75 523 05 11', 'jean.prendnote@gmail.com', '25/08/2003', 'Portugal', 'Suisse', 'B', '756.38987.8765.00', 'Portugais', 1, 0, 0, 0, 0, '2020', 0, '', '2021-01-05 09:56:15', NULL, 456, 457, 'Nouveau', 61),
	(555, 'G32733', 1, 'Homme', 'Age', 'karl', 'Route de Berne 229', '1010 Lausanne', '+41 74 640 62 35', '+41 74 640 62 35', 'karl.age@hotmail.com', '06/07/1994', 'Belmont-sur-Yverdon VD', 'Suisse', '', '756.1234.7131.00', 'Français', 1, 1, 1, 0, 1, '2020', 0, '', '2021-01-05 11:25:51', NULL, NULL, NULL, 'Nouveau', 61),
	(556, 'G32748', 0, 'Femme', 'Tatouille', 'Lara', 'Rue du Saugey 21', '1026, Echandens', '021 721 04 53', '075 920 23 96', 'tatouille.lara@bluewin.ch', '24/09/1994', 'Plateau de Diesse', 'Suisse', '', '756.9933.2233.60', 'Français', 1, 1, 1, 1, 1, '2010', 0, '', '2021-01-06 14:41:11', NULL, NULL, NULL, 'Nouveau', 67),
	(557, 'G32749', 1, 'Homme', 'Gina', 'Laurent', 'Route de Begnins 33', '1196', '+41 22 717 16 62', '+41 72 218 37 69', 'laurent.gina@gmail.com', '05/04/2006', 'Gland', 'France, Cameroun', 'C', '756.9642.3217.34', 'Francais', 1, 0, 1, 1, 0, '2021', 0, '', '2021-01-06 16:30:00', NULL, 458, 459, 'Nouveau', 61),
	(558, 'G32750', 0, 'Femme', 'Brille', 'Laure', 'En Crochet 14', '1143 Apples', '+218031335', '+41733116119', 'laure.brille@gmail.com', '06/05/2003', 'Le Landeron', 'CH', '', '756.9876.8923.22', 'français', 1, 1, 1, 1, 0, '2018', 0, '', '2021-01-06 19:14:47', NULL, 460, 461, 'Nouveau', 50),
	(559, 'G32750', 0, 'Femme', 'Édubois', 'Laure', 'En Crochet 20', '1143 Apples', '+41218873335', '+4173384119', 'laure.edubois@gmail.com', '06/05/2003', 'Le Landeron', 'CH', '', '756.0312.0932.12', 'français', 1, 1, 1, 1, 0, '2018', 0, '', '2021-01-06 19:20:16', NULL, 462, 463, 'Nouveau', 60),
	(560, 'G32732', 0, 'Femme', 'Fer', 'Lucie', 'Rue des terreaux 17', '1350 Orbe', '0245775295', '0774386250', 'lucie.fer@edu-vd.ch', '07/10/2005', 'Suisse', 'Suisse', '', '756.2876.5177.95', 'Français ', 1, 1, 1, 1, 0, '2021', 0, '', '2021-01-06 19:58:00', NULL, 464, 465, 'Nouveau', 60),
	(561, 'G32555', 0, 'Femme', 'Ditée', 'Lucy', 'Versvey 16', '1853 Yvorne', '075 743 64 90', '075 743 64 90', 'lucidite@gmail.com', '04/10/1975', 'Venezela', 'Venezuélienne', 'C', '756.3456.0426.24', 'espagnol', 1, 0, 0, 0, 1, '2005', 1, '2020', '2021-01-07 11:59:05', NULL, NULL, NULL, 'Nouveau', 50);
/*!40000 ALTER TABLE `applicant` ENABLE KEYS */;


DELETE FROM `comment`;
/*!40000 ALTER TABLE `comment` DISABLE KEYS */;
INSERT INTO `comment` (`comment_id`, `comment_owner_sciper`, `comment_content`, `comment_is_private`, `comment_date`, `fk_applicant_id`) VALUES
	(218, '171400', 'adresse en France?', 0, '2020-10-15 12:01:31', 486),
	(219, '171400', 'A écrit plusieurs fois pour un stage. Annulé pour cause du COVID', 0, '2020-10-15 12:02:23', 487),
	(220, '171400', 'Orbe: distance? \nok pour un entretien...', 0, '2020-10-15 12:22:53', 490),
	(221, '171400', 'Semble motivée', 0, '2020-10-15 12:31:12', 493),
	(222, '171400', 'Maths niveau 1!', 0, '2020-10-15 13:13:17', 494),
	(223, '171400', 'Maths niveau 1!', 0, '2020-10-15 13:13:17', 494),
	(224, '138413', 'candidature non retenue', 1, '2020-12-14 11:25:32', 523),
	(225, '138413', 'candidature non retenue', 1, '2020-12-14 11:33:01', 515),
	(226, '138413', 'lettre de motivation peu claire', 1, '2020-12-14 11:38:38', 509),
	(229, '138413', 'candidature non retenue', 0, '2020-12-14 12:50:35', 523),
	(230, '138413', 'candidature non retenue', 0, '2020-12-14 12:51:07', 515),
	(231, '138413', 'candidature non retenue', 0, '2020-12-14 12:53:24', 509),
	(232, '138413', 'candidat non retenu', 0, '2020-12-16 09:51:41', 522),
	(233, '138413', 'candidature non retenue', 0, '2020-12-16 09:53:33', 517),
	(234, '138413', 'candidature non retenue', 0, '2020-12-16 09:55:16', 528),
	(235, '138413', 'Demander un entretien', 0, '2020-12-16 09:58:25', 519),
	(236, '138413', 'demander un entretien', 0, '2020-12-16 09:59:17', 511),
	(237, '138413', 'candidature non retenue', 0, '2020-12-16 10:10:31', 521),
	(238, '138413', 'demander entretien', 0, '2020-12-16 10:36:14', 518),
	(239, '138413', 'candidature non retenue', 1, '2020-12-16 10:42:15', 528),
	(240, '138413', 'candidature non retenue', 1, '2020-12-16 10:44:04', 522),
	(241, '138413', 'candidature non retenue', 1, '2020-12-16 10:45:49', 521),
	(242, '138413', 'arrêt des études en 2017 pour faire un apprentissage.', 1, '2020-12-16 10:49:51', 517),
	(243, '138413', 'A voir pour un entretien!\nVoie VP! Très jeune', 1, '2021-01-04 17:06:51', 552),
	(244, '138413', 'Sélectionner pour un entretien', 0, '2021-01-04 17:07:17', 552),
	(245, '138413', 'Candidature rejetée!', 1, '2021-01-04 17:09:06', 547),
	(246, '138413', 'candidature rejetée', 0, '2021-01-04 17:09:19', 547),
	(249, '138413', 'candidature non retenue', 1, '2021-01-04 17:12:34', 539),
	(250, '138413', 'candidature non retenue', 0, '2021-01-04 17:12:49', 539),
	(251, '138413', 'candidature non retenue', 1, '2021-01-04 17:13:27', 538),
	(252, '138413', 'candidature non retenue', 0, '2021-01-04 17:13:39', 538);
/*!40000 ALTER TABLE `comment` ENABLE KEYS */;


DELETE FROM `file`;
/*!40000 ALTER TABLE `file` DISABLE KEYS */;
INSERT INTO `file` (`file_id`, `file_name`, `file_path`, `fk_applicant_id`) VALUES
	(3003, 'photo-passeport.pdf', '\\\\scxdata.epfl.ch\\apprentis$\\candidatures\\nouvelles\\472\\photo-passeport.pdf', 472),
	(3004, 'carte-identite.pdf', '\\\\scxdata.epfl.ch\\apprentis$\\candidatures\\nouvelles\\472\\carte-identite.pdf', 472),
	(3005, 'curriculum-vitae.pdf', '\\\\scxdata.epfl.ch\\apprentis$\\candidatures\\nouvelles\\472\\curriculum-vitae.pdf', 472),
	(3006, 'lettre-motivation.pdf', '\\\\scxdata.epfl.ch\\apprentis$\\candidatures\\nouvelles\\472\\lettre-motivation.pdf', 472),
	(3007, 'annexe1.pdf', '\\\\scxdata.epfl.ch\\apprentis$\\candidatures\\nouvelles\\472\\annexe1.pdf', 472),
	(3008, 'annexe2.pdf', '\\\\scxdata.epfl.ch\\apprentis$\\candidatures\\nouvelles\\472\\annexe2.pdf', 472),
	(3009, 'annexe3.pdf', '\\\\scxdata.epfl.ch\\apprentis$\\candidatures\\nouvelles\\472\\annexe3.pdf', 472),
	(3093, 'photo-passeport.png', '\\\\scxdata.epfl.ch\\apprentis$\\candidatures\\nouvelles\\483\\photo-passeport.png', 483),
	(3094, 'carte-identite.pdf', '\\\\scxdata.epfl.ch\\apprentis$\\candidatures\\nouvelles\\483\\carte-identite.pdf', 483),
	(3095, 'curriculum-vitae.pdf', '\\\\scxdata.epfl.ch\\apprentis$\\candidatures\\nouvelles\\483\\curriculum-vitae.pdf', 483),
	(3096, 'lettre-motivation.pdf', '\\\\scxdata.epfl.ch\\apprentis$\\candidatures\\nouvelles\\483\\lettre-motivation.pdf', 483),
	(3097, 'annexe1.pdf', '\\\\scxdata.epfl.ch\\apprentis$\\candidatures\\nouvelles\\483\\annexe1.pdf', 483),
	(3098, 'annexe2.pdf', '\\\\scxdata.epfl.ch\\apprentis$\\candidatures\\nouvelles\\483\\annexe2.pdf', 483),
	(3099, 'annexe3.jpeg', '\\\\scxdata.epfl.ch\\apprentis$\\candidatures\\nouvelles\\483\\annexe3.jpeg', 483),
	(3100, 'annexe4.pdf', '\\\\scxdata.epfl.ch\\apprentis$\\candidatures\\nouvelles\\483\\annexe4.pdf', 483),
	(3101, 'annexe5.jpeg', '\\\\scxdata.epfl.ch\\apprentis$\\candidatures\\nouvelles\\483\\annexe5.jpeg', 483),
	(3102, 'photo-passeport.png', '\\\\scxdata.epfl.ch\\apprentis$\\candidatures\\nouvelles\\484\\photo-passeport.png', 484),
	(3103, 'carte-identite.pdf', '\\\\scxdata.epfl.ch\\apprentis$\\candidatures\\nouvelles\\484\\carte-identite.pdf', 484),
	(3104, 'curriculum-vitae.pdf', '\\\\scxdata.epfl.ch\\apprentis$\\candidatures\\nouvelles\\484\\curriculum-vitae.pdf', 484),
	(3105, 'lettre-motivation.pdf', '\\\\scxdata.epfl.ch\\apprentis$\\candidatures\\nouvelles\\484\\lettre-motivation.pdf', 484),
	(3106, 'annexe1.pdf', '\\\\scxdata.epfl.ch\\apprentis$\\candidatures\\nouvelles\\484\\annexe1.pdf', 484),
	(3107, 'photo-passeport.jpeg', '\\\\scxdata.epfl.ch\\apprentis$\\candidatures\\nouvelles\\485\\photo-passeport.jpeg', 485),
	(3108, 'carte-identite.pdf', '\\\\scxdata.epfl.ch\\apprentis$\\candidatures\\nouvelles\\485\\carte-identite.pdf', 485),
	(3109, 'curriculum-vitae.pdf', '\\\\scxdata.epfl.ch\\apprentis$\\candidatures\\nouvelles\\485\\curriculum-vitae.pdf', 485),
	(3110, 'lettre-motivation.pdf', '\\\\scxdata.epfl.ch\\apprentis$\\candidatures\\nouvelles\\485\\lettre-motivation.pdf', 485),
	(3111, 'annexe1.jpg', '\\\\scxdata.epfl.ch\\apprentis$\\candidatures\\nouvelles\\485\\annexe1.jpg', 485),
	(3112, 'annexe2.jpg', '\\\\scxdata.epfl.ch\\apprentis$\\candidatures\\nouvelles\\485\\annexe2.jpg', 485),
	(3113, 'annexe3.jpg', '\\\\scxdata.epfl.ch\\apprentis$\\candidatures\\nouvelles\\485\\annexe3.jpg', 485),
	(3114, 'annexe4.jpg', '\\\\scxdata.epfl.ch\\apprentis$\\candidatures\\nouvelles\\485\\annexe4.jpg', 485),
	(3115, 'annexe5.jpg', '\\\\scxdata.epfl.ch\\apprentis$\\candidatures\\nouvelles\\485\\annexe5.jpg', 485),
	(3116, 'annexe6.jpg', '\\\\scxdata.epfl.ch\\apprentis$\\candidatures\\nouvelles\\485\\annexe6.jpg', 485),
	(3117, 'photo-passeport.pdf', '\\\\scxdata.epfl.ch\\apprentis$\\candidatures\\nouvelles\\486\\photo-passeport.pdf', 486),
	(3118, 'carte-identite.pdf', '\\\\scxdata.epfl.ch\\apprentis$\\candidatures\\nouvelles\\486\\carte-identite.pdf', 486),
	(3119, 'curriculum-vitae.pdf', '\\\\scxdata.epfl.ch\\apprentis$\\candidatures\\nouvelles\\486\\curriculum-vitae.pdf', 486),
	(3120, 'lettre-motivation.pdf', '\\\\scxdata.epfl.ch\\apprentis$\\candidatures\\nouvelles\\486\\lettre-motivation.pdf', 486),
	(3121, 'annexe1.pdf', '\\\\scxdata.epfl.ch\\apprentis$\\candidatures\\nouvelles\\486\\annexe1.pdf', 486),
	(3122, 'photo-passeport.jpg', '\\\\scxdata.epfl.ch\\apprentis$\\candidatures\\nouvelles\\487\\photo-passeport.jpg', 487),
	(3123, 'carte-identite.pdf', '\\\\scxdata.epfl.ch\\apprentis$\\candidatures\\nouvelles\\487\\carte-identite.pdf', 487),
	(3124, 'curriculum-vitae.pdf', '\\\\scxdata.epfl.ch\\apprentis$\\candidatures\\nouvelles\\487\\curriculum-vitae.pdf', 487),
	(3125, 'lettre-motivation.pdf', '\\\\scxdata.epfl.ch\\apprentis$\\candidatures\\nouvelles\\487\\lettre-motivation.pdf', 487),
	(3126, 'annexe1.pdf', '\\\\scxdata.epfl.ch\\apprentis$\\candidatures\\nouvelles\\487\\annexe1.pdf', 487),
	(3127, 'photo-passeport.jpg', '\\\\scxdata.epfl.ch\\apprentis$\\candidatures\\nouvelles\\488\\photo-passeport.jpg', 488),
	(3128, 'carte-identite.png', '\\\\scxdata.epfl.ch\\apprentis$\\candidatures\\nouvelles\\488\\carte-identite.png', 488),
	(3129, 'curriculum-vitae.pdf', '\\\\scxdata.epfl.ch\\apprentis$\\candidatures\\nouvelles\\488\\curriculum-vitae.pdf', 488),
	(3130, 'lettre-motivation.pdf', '\\\\scxdata.epfl.ch\\apprentis$\\candidatures\\nouvelles\\488\\lettre-motivation.pdf', 488),
	(3131, 'annexe1.pdf', '\\\\scxdata.epfl.ch\\apprentis$\\candidatures\\nouvelles\\488\\annexe1.pdf', 488),
	(3132, 'annexe2.pdf', '\\\\scxdata.epfl.ch\\apprentis$\\candidatures\\nouvelles\\488\\annexe2.pdf', 488),
	(3133, 'annexe3.pdf', '\\\\scxdata.epfl.ch\\apprentis$\\candidatures\\nouvelles\\488\\annexe3.pdf', 488),
	(3134, 'annexe4.pdf', '\\\\scxdata.epfl.ch\\apprentis$\\candidatures\\nouvelles\\488\\annexe4.pdf', 488),
	(3135, 'annexe5.pdf', '\\\\scxdata.epfl.ch\\apprentis$\\candidatures\\nouvelles\\488\\annexe5.pdf', 488),
	(3136, 'photo-passeport.jpg', '\\\\scxdata.epfl.ch\\apprentis$\\candidatures\\nouvelles\\489\\photo-passeport.jpg', 489),
	(3137, 'carte-identite.pdf', '\\\\scxdata.epfl.ch\\apprentis$\\candidatures\\nouvelles\\489\\carte-identite.pdf', 489),
	(3138, 'curriculum-vitae.pdf', '\\\\scxdata.epfl.ch\\apprentis$\\candidatures\\nouvelles\\489\\curriculum-vitae.pdf', 489),
	(3139, 'lettre-motivation.pdf', '\\\\scxdata.epfl.ch\\apprentis$\\candidatures\\nouvelles\\489\\lettre-motivation.pdf', 489),
	(3140, 'annexe1.pdf', '\\\\scxdata.epfl.ch\\apprentis$\\candidatures\\nouvelles\\489\\annexe1.pdf', 489),
	(3141, 'annexe2.pdf', '\\\\scxdata.epfl.ch\\apprentis$\\candidatures\\nouvelles\\489\\annexe2.pdf', 489),
	(3142, 'photo-passeport.pdf', '\\\\scxdata.epfl.ch\\apprentis$\\candidatures\\nouvelles\\490\\photo-passeport.pdf', 490),
	(3143, 'carte-identite.pdf', '\\\\scxdata.epfl.ch\\apprentis$\\candidatures\\nouvelles\\490\\carte-identite.pdf', 490),
	(3144, 'curriculum-vitae.pdf', '\\\\scxdata.epfl.ch\\apprentis$\\candidatures\\nouvelles\\490\\curriculum-vitae.pdf', 490),
	(3145, 'lettre-motivation.pdf', '\\\\scxdata.epfl.ch\\apprentis$\\candidatures\\nouvelles\\490\\lettre-motivation.pdf', 490),
	(3146, 'annexe1.pdf', '\\\\scxdata.epfl.ch\\apprentis$\\candidatures\\nouvelles\\490\\annexe1.pdf', 490),
	(3147, 'annexe2.pdf', '\\\\scxdata.epfl.ch\\apprentis$\\candidatures\\nouvelles\\490\\annexe2.pdf', 490),
	(3148, 'annexe3.pdf', '\\\\scxdata.epfl.ch\\apprentis$\\candidatures\\nouvelles\\490\\annexe3.pdf', 490),
	(3149, 'annexe4.pdf', '\\\\scxdata.epfl.ch\\apprentis$\\candidatures\\nouvelles\\490\\annexe4.pdf', 490),
	(3150, 'photo-passeport.pdf', '\\\\scxdata.epfl.ch\\apprentis$\\candidatures\\nouvelles\\491\\photo-passeport.pdf', 491),
	(3151, 'carte-identite.pdf', '\\\\scxdata.epfl.ch\\apprentis$\\candidatures\\nouvelles\\491\\carte-identite.pdf', 491),
	(3152, 'curriculum-vitae.pdf', '\\\\scxdata.epfl.ch\\apprentis$\\candidatures\\nouvelles\\491\\curriculum-vitae.pdf', 491),
	(3153, 'lettre-motivation.pdf', '\\\\scxdata.epfl.ch\\apprentis$\\candidatures\\nouvelles\\491\\lettre-motivation.pdf', 491),
	(3154, 'annexe1.pdf', '\\\\scxdata.epfl.ch\\apprentis$\\candidatures\\nouvelles\\491\\annexe1.pdf', 491),
	(3155, 'annexe2.pdf', '\\\\scxdata.epfl.ch\\apprentis$\\candidatures\\nouvelles\\491\\annexe2.pdf', 491),
	(3156, 'annexe3.pdf', '\\\\scxdata.epfl.ch\\apprentis$\\candidatures\\nouvelles\\491\\annexe3.pdf', 491),
	(3157, 'annexe4.pdf', '\\\\scxdata.epfl.ch\\apprentis$\\candidatures\\nouvelles\\491\\annexe4.pdf', 491),
	(3158, 'photo-passeport.jpg', '\\\\scxdata.epfl.ch\\apprentis$\\candidatures\\nouvelles\\492\\photo-passeport.jpg', 492),
	(3159, 'carte-identite.pdf', '\\\\scxdata.epfl.ch\\apprentis$\\candidatures\\nouvelles\\492\\carte-identite.pdf', 492),
	(3160, 'curriculum-vitae.pdf', '\\\\scxdata.epfl.ch\\apprentis$\\candidatures\\nouvelles\\492\\curriculum-vitae.pdf', 492),
	(3161, 'lettre-motivation.pdf', '\\\\scxdata.epfl.ch\\apprentis$\\candidatures\\nouvelles\\492\\lettre-motivation.pdf', 492),
	(3162, 'annexe1.pdf', '\\\\scxdata.epfl.ch\\apprentis$\\candidatures\\nouvelles\\492\\annexe1.pdf', 492),
	(3163, 'annexe2.pdf', '\\\\scxdata.epfl.ch\\apprentis$\\candidatures\\nouvelles\\492\\annexe2.pdf', 492),
	(3164, 'annexe3.pdf', '\\\\scxdata.epfl.ch\\apprentis$\\candidatures\\nouvelles\\492\\annexe3.pdf', 492),
	(3165, 'photo-passeport.jpg', '\\\\scxdata.epfl.ch\\apprentis$\\candidatures\\nouvelles\\493\\photo-passeport.jpg', 493),
	(3166, 'carte-identite.pdf', '\\\\scxdata.epfl.ch\\apprentis$\\candidatures\\nouvelles\\493\\carte-identite.pdf', 493),
	(3167, 'curriculum-vitae.pdf', '\\\\scxdata.epfl.ch\\apprentis$\\candidatures\\nouvelles\\493\\curriculum-vitae.pdf', 493),
	(3168, 'lettre-motivation.pdf', '\\\\scxdata.epfl.ch\\apprentis$\\candidatures\\nouvelles\\493\\lettre-motivation.pdf', 493),
	(3169, 'annexe1.pdf', '\\\\scxdata.epfl.ch\\apprentis$\\candidatures\\nouvelles\\493\\annexe1.pdf', 493),
	(3170, 'annexe2.pdf', '\\\\scxdata.epfl.ch\\apprentis$\\candidatures\\nouvelles\\493\\annexe2.pdf', 493),
	(3171, 'annexe3.pdf', '\\\\scxdata.epfl.ch\\apprentis$\\candidatures\\nouvelles\\493\\annexe3.pdf', 493),
	(3172, 'photo-passeport.jpg', '\\\\scxdata.epfl.ch\\apprentis$\\candidatures\\nouvelles\\494\\photo-passeport.jpg', 494),
	(3173, 'carte-identite.pdf', '\\\\scxdata.epfl.ch\\apprentis$\\candidatures\\nouvelles\\494\\carte-identite.pdf', 494),
	(3174, 'curriculum-vitae.pdf', '\\\\scxdata.epfl.ch\\apprentis$\\candidatures\\nouvelles\\494\\curriculum-vitae.pdf', 494),
	(3175, 'lettre-motivation.pdf', '\\\\scxdata.epfl.ch\\apprentis$\\candidatures\\nouvelles\\494\\lettre-motivation.pdf', 494),
	(3176, 'annexe1.pdf', '\\\\scxdata.epfl.ch\\apprentis$\\candidatures\\nouvelles\\494\\annexe1.pdf', 494),
	(3177, 'annexe2.pdf', '\\\\scxdata.epfl.ch\\apprentis$\\candidatures\\nouvelles\\494\\annexe2.pdf', 494),
	(3178, 'photo-passeport.jpg', '\\\\scxdata.epfl.ch\\apprentis$\\candidatures\\nouvelles\\495\\photo-passeport.jpg', 495),
	(3179, 'carte-identite.pdf', '\\\\scxdata.epfl.ch\\apprentis$\\candidatures\\nouvelles\\495\\carte-identite.pdf', 495),
	(3180, 'curriculum-vitae.pdf', '\\\\scxdata.epfl.ch\\apprentis$\\candidatures\\nouvelles\\495\\curriculum-vitae.pdf', 495),
	(3181, 'lettre-motivation.pdf', '\\\\scxdata.epfl.ch\\apprentis$\\candidatures\\nouvelles\\495\\lettre-motivation.pdf', 495),
	(3182, 'annexe1.pdf', '\\\\scxdata.epfl.ch\\apprentis$\\candidatures\\nouvelles\\495\\annexe1.pdf', 495),
	(3183, 'annexe2.pdf', '\\\\scxdata.epfl.ch\\apprentis$\\candidatures\\nouvelles\\495\\annexe2.pdf', 495),
	(3184, 'annexe3.pdf', '\\\\scxdata.epfl.ch\\apprentis$\\candidatures\\nouvelles\\495\\annexe3.pdf', 495),
	(3185, 'annexe4.pdf', '\\\\scxdata.epfl.ch\\apprentis$\\candidatures\\nouvelles\\495\\annexe4.pdf', 495),
	(3186, 'annexe5.pdf', '\\\\scxdata.epfl.ch\\apprentis$\\candidatures\\nouvelles\\495\\annexe5.pdf', 495),
	(3187, 'annexe6.pdf', '\\\\scxdata.epfl.ch\\apprentis$\\candidatures\\nouvelles\\495\\annexe6.pdf', 495),
	(3188, 'annexe7.pdf', '\\\\scxdata.epfl.ch\\apprentis$\\candidatures\\nouvelles\\495\\annexe7.pdf', 495),
	(3189, 'annexe8.pdf', '\\\\scxdata.epfl.ch\\apprentis$\\candidatures\\nouvelles\\495\\annexe8.pdf', 495),
	(3190, 'photo-passeport.jpg', '\\\\scxdata.epfl.ch\\apprentis$\\candidatures\\nouvelles\\496\\photo-passeport.jpg', 496),
	(3191, 'carte-identite.pdf', '\\\\scxdata.epfl.ch\\apprentis$\\candidatures\\nouvelles\\496\\carte-identite.pdf', 496),
	(3192, 'curriculum-vitae.pdf', '\\\\scxdata.epfl.ch\\apprentis$\\candidatures\\nouvelles\\496\\curriculum-vitae.pdf', 496),
	(3193, 'lettre-motivation.pdf', '\\\\scxdata.epfl.ch\\apprentis$\\candidatures\\nouvelles\\496\\lettre-motivation.pdf', 496),
	(3194, 'annexe1.pdf', '\\\\scxdata.epfl.ch\\apprentis$\\candidatures\\nouvelles\\496\\annexe1.pdf', 496),
	(3195, 'annexe2.pdf', '\\\\scxdata.epfl.ch\\apprentis$\\candidatures\\nouvelles\\496\\annexe2.pdf', 496),
	(3196, 'photo-passeport.jpg', '\\\\scxdata.epfl.ch\\apprentis$\\candidatures\\nouvelles\\497\\photo-passeport.jpg', 497),
	(3197, 'carte-identite.pdf', '\\\\scxdata.epfl.ch\\apprentis$\\candidatures\\nouvelles\\497\\carte-identite.pdf', 497),
	(3198, 'curriculum-vitae.pdf', '\\\\scxdata.epfl.ch\\apprentis$\\candidatures\\nouvelles\\497\\curriculum-vitae.pdf', 497),
	(3199, 'lettre-motivation.pdf', '\\\\scxdata.epfl.ch\\apprentis$\\candidatures\\nouvelles\\497\\lettre-motivation.pdf', 497),
	(3200, 'annexe1.pdf', '\\\\scxdata.epfl.ch\\apprentis$\\candidatures\\nouvelles\\497\\annexe1.pdf', 497),
	(3201, 'annexe2.pdf', '\\\\scxdata.epfl.ch\\apprentis$\\candidatures\\nouvelles\\497\\annexe2.pdf', 497),
	(3202, 'annexe3.pdf', '\\\\scxdata.epfl.ch\\apprentis$\\candidatures\\nouvelles\\497\\annexe3.pdf', 497),
	(3203, 'annexe4.pdf', '\\\\scxdata.epfl.ch\\apprentis$\\candidatures\\nouvelles\\497\\annexe4.pdf', 497),
	(3204, 'annexe5.pdf', '\\\\scxdata.epfl.ch\\apprentis$\\candidatures\\nouvelles\\497\\annexe5.pdf', 497),
	(3205, 'annexe6.pdf', '\\\\scxdata.epfl.ch\\apprentis$\\candidatures\\nouvelles\\497\\annexe6.pdf', 497),
	(3206, 'annexe7.pdf', '\\\\scxdata.epfl.ch\\apprentis$\\candidatures\\nouvelles\\497\\annexe7.pdf', 497),
	(3207, 'annexe8.pdf', '\\\\scxdata.epfl.ch\\apprentis$\\candidatures\\nouvelles\\497\\annexe8.pdf', 497),
	(3208, 'photo-passeport.jpg', '\\\\scxdata.epfl.ch\\apprentis$\\candidatures\\nouvelles\\498\\photo-passeport.jpg', 498),
	(3209, 'carte-identite.jpg', '\\\\scxdata.epfl.ch\\apprentis$\\candidatures\\nouvelles\\498\\carte-identite.jpg', 498),
	(3210, 'curriculum-vitae.pdf', '\\\\scxdata.epfl.ch\\apprentis$\\candidatures\\nouvelles\\498\\curriculum-vitae.pdf', 498),
	(3211, 'lettre-motivation.pdf', '\\\\scxdata.epfl.ch\\apprentis$\\candidatures\\nouvelles\\498\\lettre-motivation.pdf', 498),
	(3212, 'annexe1.pdf', '\\\\scxdata.epfl.ch\\apprentis$\\candidatures\\nouvelles\\498\\annexe1.pdf', 498),
	(3213, 'annexe2.png', '\\\\scxdata.epfl.ch\\apprentis$\\candidatures\\nouvelles\\498\\annexe2.png', 498),
	(3214, 'photo-passeport.pdf', '\\\\scxdata.epfl.ch\\apprentis$\\candidatures\\nouvelles\\499\\photo-passeport.pdf', 499),
	(3215, 'carte-identite.jpeg', '\\\\scxdata.epfl.ch\\apprentis$\\candidatures\\nouvelles\\499\\carte-identite.jpeg', 499),
	(3216, 'curriculum-vitae.pdf', '\\\\scxdata.epfl.ch\\apprentis$\\candidatures\\nouvelles\\499\\curriculum-vitae.pdf', 499),
	(3217, 'lettre-motivation.pdf', '\\\\scxdata.epfl.ch\\apprentis$\\candidatures\\nouvelles\\499\\lettre-motivation.pdf', 499),
	(3218, 'annexe1.pdf', '\\\\scxdata.epfl.ch\\apprentis$\\candidatures\\nouvelles\\499\\annexe1.pdf', 499),
	(3219, 'photo-passeport.jpg', '\\\\scxdata.epfl.ch\\apprentis$\\candidatures\\nouvelles\\500\\photo-passeport.jpg', 500),
	(3220, 'carte-identite.jpg', '\\\\scxdata.epfl.ch\\apprentis$\\candidatures\\nouvelles\\500\\carte-identite.jpg', 500),
	(3221, 'curriculum-vitae.pdf', '\\\\scxdata.epfl.ch\\apprentis$\\candidatures\\nouvelles\\500\\curriculum-vitae.pdf', 500),
	(3222, 'lettre-motivation.pdf', '\\\\scxdata.epfl.ch\\apprentis$\\candidatures\\nouvelles\\500\\lettre-motivation.pdf', 500),
	(3223, 'annexe1.pdf', '\\\\scxdata.epfl.ch\\apprentis$\\candidatures\\nouvelles\\500\\annexe1.pdf', 500),
	(3224, 'annexe2.pdf', '\\\\scxdata.epfl.ch\\apprentis$\\candidatures\\nouvelles\\500\\annexe2.pdf', 500),
	(3225, 'annexe3.jpg', '\\\\scxdata.epfl.ch\\apprentis$\\candidatures\\nouvelles\\500\\annexe3.jpg', 500),
	(3226, 'photo-passeport.jpg', '\\\\scxdata.epfl.ch\\apprentis$\\candidatures\\nouvelles\\501\\photo-passeport.jpg', 501),
	(3227, 'carte-identite.pdf', '\\\\scxdata.epfl.ch\\apprentis$\\candidatures\\nouvelles\\501\\carte-identite.pdf', 501),
	(3228, 'curriculum-vitae.pdf', '\\\\scxdata.epfl.ch\\apprentis$\\candidatures\\nouvelles\\501\\curriculum-vitae.pdf', 501),
	(3229, 'lettre-motivation.pdf', '\\\\scxdata.epfl.ch\\apprentis$\\candidatures\\nouvelles\\501\\lettre-motivation.pdf', 501),
	(3230, 'annexe1.pdf', '\\\\scxdata.epfl.ch\\apprentis$\\candidatures\\nouvelles\\501\\annexe1.pdf', 501),
	(3231, 'photo-passeport.jpg', '\\\\scxdata.epfl.ch\\apprentis$\\candidatures\\nouvelles\\502\\photo-passeport.jpg', 502),
	(3232, 'carte-identite.pdf', '\\\\scxdata.epfl.ch\\apprentis$\\candidatures\\nouvelles\\502\\carte-identite.pdf', 502),
	(3233, 'curriculum-vitae.pdf', '\\\\scxdata.epfl.ch\\apprentis$\\candidatures\\nouvelles\\502\\curriculum-vitae.pdf', 502),
	(3234, 'lettre-motivation.pdf', '\\\\scxdata.epfl.ch\\apprentis$\\candidatures\\nouvelles\\502\\lettre-motivation.pdf', 502),
	(3235, 'annexe1.pdf', '\\\\scxdata.epfl.ch\\apprentis$\\candidatures\\nouvelles\\502\\annexe1.pdf', 502),
	(3236, 'annexe2.pdf', '\\\\scxdata.epfl.ch\\apprentis$\\candidatures\\nouvelles\\502\\annexe2.pdf', 502),
	(3237, 'photo-passeport.jpg', '\\\\scxdata.epfl.ch\\apprentis$\\candidatures\\nouvelles\\503\\photo-passeport.jpg', 503),
	(3238, 'carte-identite.jpeg', '\\\\scxdata.epfl.ch\\apprentis$\\candidatures\\nouvelles\\503\\carte-identite.jpeg', 503),
	(3239, 'curriculum-vitae.pdf', '\\\\scxdata.epfl.ch\\apprentis$\\candidatures\\nouvelles\\503\\curriculum-vitae.pdf', 503),
	(3240, 'lettre-motivation.pdf', '\\\\scxdata.epfl.ch\\apprentis$\\candidatures\\nouvelles\\503\\lettre-motivation.pdf', 503),
	(3241, 'annexe1.jpeg', '\\\\scxdata.epfl.ch\\apprentis$\\candidatures\\nouvelles\\503\\annexe1.jpeg', 503),
	(3242, 'annexe2.jpeg', '\\\\scxdata.epfl.ch\\apprentis$\\candidatures\\nouvelles\\503\\annexe2.jpeg', 503),
	(3243, 'annexe3.jpeg', '\\\\scxdata.epfl.ch\\apprentis$\\candidatures\\nouvelles\\503\\annexe3.jpeg', 503),
	(3244, 'annexe4.jpeg', '\\\\scxdata.epfl.ch\\apprentis$\\candidatures\\nouvelles\\503\\annexe4.jpeg', 503),
	(3245, 'annexe5.jpeg', '\\\\scxdata.epfl.ch\\apprentis$\\candidatures\\nouvelles\\503\\annexe5.jpeg', 503),
	(3251, 'photo-passeport.jpg', '\\\\scxdata.epfl.ch\\apprentis$\\candidatures\\nouvelles\\505\\photo-passeport.jpg', 505),
	(3252, 'carte-identite.pdf', '\\\\scxdata.epfl.ch\\apprentis$\\candidatures\\nouvelles\\505\\carte-identite.pdf', 505),
	(3253, 'curriculum-vitae.pdf', '\\\\scxdata.epfl.ch\\apprentis$\\candidatures\\nouvelles\\505\\curriculum-vitae.pdf', 505),
	(3254, 'lettre-motivation.pdf', '\\\\scxdata.epfl.ch\\apprentis$\\candidatures\\nouvelles\\505\\lettre-motivation.pdf', 505),
	(3255, 'annexe1.pdf', '\\\\scxdata.epfl.ch\\apprentis$\\candidatures\\nouvelles\\505\\annexe1.pdf', 505),
	(3256, 'annexe2.pdf', '\\\\scxdata.epfl.ch\\apprentis$\\candidatures\\nouvelles\\505\\annexe2.pdf', 505),
	(3257, 'annexe3.pdf', '\\\\scxdata.epfl.ch\\apprentis$\\candidatures\\nouvelles\\505\\annexe3.pdf', 505),
	(3258, 'photo-passeport.jpeg', '\\\\scxdata.epfl.ch\\apprentis$\\candidatures\\nouvelles\\506\\photo-passeport.jpeg', 506),
	(3259, 'carte-identite.jpg', '\\\\scxdata.epfl.ch\\apprentis$\\candidatures\\nouvelles\\506\\carte-identite.jpg', 506),
	(3260, 'curriculum-vitae.pdf', '\\\\scxdata.epfl.ch\\apprentis$\\candidatures\\nouvelles\\506\\curriculum-vitae.pdf', 506),
	(3261, 'lettre-motivation.pdf', '\\\\scxdata.epfl.ch\\apprentis$\\candidatures\\nouvelles\\506\\lettre-motivation.pdf', 506),
	(3262, 'annexe1.pdf', '\\\\scxdata.epfl.ch\\apprentis$\\candidatures\\nouvelles\\506\\annexe1.pdf', 506),
	(3275, 'photo-passeport.jpg', '\\\\scxdata.epfl.ch\\apprentis$\\candidatures\\nouvelles\\509\\photo-passeport.jpg', 509),
	(3276, 'carte-identite.jpg', '\\\\scxdata.epfl.ch\\apprentis$\\candidatures\\nouvelles\\509\\carte-identite.jpg', 509),
	(3277, 'curriculum-vitae.jpg', '\\\\scxdata.epfl.ch\\apprentis$\\candidatures\\nouvelles\\509\\curriculum-vitae.jpg', 509),
	(3278, 'lettre-motivation.pdf', '\\\\scxdata.epfl.ch\\apprentis$\\candidatures\\nouvelles\\509\\lettre-motivation.pdf', 509),
	(3279, 'annexe1.pdf', '\\\\scxdata.epfl.ch\\apprentis$\\candidatures\\nouvelles\\509\\annexe1.pdf', 509),
	(3280, 'annexe2.jpg', '\\\\scxdata.epfl.ch\\apprentis$\\candidatures\\nouvelles\\509\\annexe2.jpg', 509),
	(3281, 'annexe3.jpeg', '\\\\scxdata.epfl.ch\\apprentis$\\candidatures\\nouvelles\\509\\annexe3.jpeg', 509),
	(3282, 'annexe4.jpeg', '\\\\scxdata.epfl.ch\\apprentis$\\candidatures\\nouvelles\\509\\annexe4.jpeg', 509),
	(3283, 'annexe5.jpg', '\\\\scxdata.epfl.ch\\apprentis$\\candidatures\\nouvelles\\509\\annexe5.jpg', 509),
	(3284, 'photo-passeport.jpg', '\\\\scxdata.epfl.ch\\apprentis$\\candidatures\\nouvelles\\510\\photo-passeport.jpg', 510),
	(3285, 'carte-identite.pdf', '\\\\scxdata.epfl.ch\\apprentis$\\candidatures\\nouvelles\\510\\carte-identite.pdf', 510),
	(3286, 'curriculum-vitae.pdf', '\\\\scxdata.epfl.ch\\apprentis$\\candidatures\\nouvelles\\510\\curriculum-vitae.pdf', 510),
	(3287, 'lettre-motivation.pdf', '\\\\scxdata.epfl.ch\\apprentis$\\candidatures\\nouvelles\\510\\lettre-motivation.pdf', 510),
	(3288, 'annexe1.jpg', '\\\\scxdata.epfl.ch\\apprentis$\\candidatures\\nouvelles\\510\\annexe1.jpg', 510),
	(3289, 'annexe2.pdf', '\\\\scxdata.epfl.ch\\apprentis$\\candidatures\\nouvelles\\510\\annexe2.pdf', 510),
	(3290, 'photo-passeport.jpg', '\\\\scxdata.epfl.ch\\apprentis$\\candidatures\\nouvelles\\511\\photo-passeport.jpg', 511),
	(3291, 'carte-identite.jpg', '\\\\scxdata.epfl.ch\\apprentis$\\candidatures\\nouvelles\\511\\carte-identite.jpg', 511),
	(3292, 'curriculum-vitae.pdf', '\\\\scxdata.epfl.ch\\apprentis$\\candidatures\\nouvelles\\511\\curriculum-vitae.pdf', 511),
	(3293, 'lettre-motivation.pdf', '\\\\scxdata.epfl.ch\\apprentis$\\candidatures\\nouvelles\\511\\lettre-motivation.pdf', 511),
	(3294, 'annexe1.jpg', '\\\\scxdata.epfl.ch\\apprentis$\\candidatures\\nouvelles\\511\\annexe1.jpg', 511),
	(3295, 'annexe2.jpg', '\\\\scxdata.epfl.ch\\apprentis$\\candidatures\\nouvelles\\511\\annexe2.jpg', 511),
	(3296, 'photo-passeport.jpg', '\\\\scxdata.epfl.ch\\apprentis$\\candidatures\\nouvelles\\512\\photo-passeport.jpg', 512),
	(3297, 'carte-identite.pdf', '\\\\scxdata.epfl.ch\\apprentis$\\candidatures\\nouvelles\\512\\carte-identite.pdf', 512),
	(3298, 'curriculum-vitae.pdf', '\\\\scxdata.epfl.ch\\apprentis$\\candidatures\\nouvelles\\512\\curriculum-vitae.pdf', 512),
	(3299, 'lettre-motivation.pdf', '\\\\scxdata.epfl.ch\\apprentis$\\candidatures\\nouvelles\\512\\lettre-motivation.pdf', 512),
	(3300, 'annexe1.pdf', '\\\\scxdata.epfl.ch\\apprentis$\\candidatures\\nouvelles\\512\\annexe1.pdf', 512),
	(3301, 'annexe2.pdf', '\\\\scxdata.epfl.ch\\apprentis$\\candidatures\\nouvelles\\512\\annexe2.pdf', 512),
	(3302, 'annexe3.pdf', '\\\\scxdata.epfl.ch\\apprentis$\\candidatures\\nouvelles\\512\\annexe3.pdf', 512),
	(3303, 'annexe4.pdf', '\\\\scxdata.epfl.ch\\apprentis$\\candidatures\\nouvelles\\512\\annexe4.pdf', 512),
	(3304, 'photo-passeport.pdf', '\\\\scxdata.epfl.ch\\apprentis$\\candidatures\\nouvelles\\513\\photo-passeport.pdf', 513),
	(3305, 'carte-identite.pdf', '\\\\scxdata.epfl.ch\\apprentis$\\candidatures\\nouvelles\\513\\carte-identite.pdf', 513),
	(3306, 'curriculum-vitae.pdf', '\\\\scxdata.epfl.ch\\apprentis$\\candidatures\\nouvelles\\513\\curriculum-vitae.pdf', 513),
	(3307, 'lettre-motivation.pdf', '\\\\scxdata.epfl.ch\\apprentis$\\candidatures\\nouvelles\\513\\lettre-motivation.pdf', 513),
	(3308, 'annexe1.pdf', '\\\\scxdata.epfl.ch\\apprentis$\\candidatures\\nouvelles\\513\\annexe1.pdf', 513),
	(3309, 'annexe2.pdf', '\\\\scxdata.epfl.ch\\apprentis$\\candidatures\\nouvelles\\513\\annexe2.pdf', 513),
	(3310, 'annexe3.pdf', '\\\\scxdata.epfl.ch\\apprentis$\\candidatures\\nouvelles\\513\\annexe3.pdf', 513),
	(3311, 'annexe4.pdf', '\\\\scxdata.epfl.ch\\apprentis$\\candidatures\\nouvelles\\513\\annexe4.pdf', 513),
	(3312, 'annexe5.pdf', '\\\\scxdata.epfl.ch\\apprentis$\\candidatures\\nouvelles\\513\\annexe5.pdf', 513),
	(3313, 'annexe6.pdf', '\\\\scxdata.epfl.ch\\apprentis$\\candidatures\\nouvelles\\513\\annexe6.pdf', 513),
	(3314, 'annexe7.pdf', '\\\\scxdata.epfl.ch\\apprentis$\\candidatures\\nouvelles\\513\\annexe7.pdf', 513),
	(3315, 'photo-passeport.jpg', '\\\\scxdata.epfl.ch\\apprentis$\\candidatures\\nouvelles\\514\\photo-passeport.jpg', 514),
	(3316, 'carte-identite.pdf', '\\\\scxdata.epfl.ch\\apprentis$\\candidatures\\nouvelles\\514\\carte-identite.pdf', 514),
	(3317, 'curriculum-vitae.pdf', '\\\\scxdata.epfl.ch\\apprentis$\\candidatures\\nouvelles\\514\\curriculum-vitae.pdf', 514),
	(3318, 'lettre-motivation.pdf', '\\\\scxdata.epfl.ch\\apprentis$\\candidatures\\nouvelles\\514\\lettre-motivation.pdf', 514),
	(3319, 'annexe1.pdf', '\\\\scxdata.epfl.ch\\apprentis$\\candidatures\\nouvelles\\514\\annexe1.pdf', 514),
	(3320, 'annexe2.pdf', '\\\\scxdata.epfl.ch\\apprentis$\\candidatures\\nouvelles\\514\\annexe2.pdf', 514),
	(3321, 'annexe3.pdf', '\\\\scxdata.epfl.ch\\apprentis$\\candidatures\\nouvelles\\514\\annexe3.pdf', 514),
	(3322, 'photo-passeport.pdf', '\\\\scxdata.epfl.ch\\apprentis$\\candidatures\\nouvelles\\515\\photo-passeport.pdf', 515),
	(3323, 'carte-identite.pdf', '\\\\scxdata.epfl.ch\\apprentis$\\candidatures\\nouvelles\\515\\carte-identite.pdf', 515),
	(3324, 'curriculum-vitae.pdf', '\\\\scxdata.epfl.ch\\apprentis$\\candidatures\\nouvelles\\515\\curriculum-vitae.pdf', 515),
	(3325, 'lettre-motivation.pdf', '\\\\scxdata.epfl.ch\\apprentis$\\candidatures\\nouvelles\\515\\lettre-motivation.pdf', 515),
	(3326, 'annexe1.pdf', '\\\\scxdata.epfl.ch\\apprentis$\\candidatures\\nouvelles\\515\\annexe1.pdf', 515),
	(3327, 'annexe2.pdf', '\\\\scxdata.epfl.ch\\apprentis$\\candidatures\\nouvelles\\515\\annexe2.pdf', 515),
	(3328, 'photo-passeport.pdf', '\\\\scxdata.epfl.ch\\apprentis$\\candidatures\\nouvelles\\516\\photo-passeport.pdf', 516),
	(3329, 'carte-identite.pdf', '\\\\scxdata.epfl.ch\\apprentis$\\candidatures\\nouvelles\\516\\carte-identite.pdf', 516),
	(3330, 'curriculum-vitae.pdf', '\\\\scxdata.epfl.ch\\apprentis$\\candidatures\\nouvelles\\516\\curriculum-vitae.pdf', 516),
	(3331, 'lettre-motivation.pdf', '\\\\scxdata.epfl.ch\\apprentis$\\candidatures\\nouvelles\\516\\lettre-motivation.pdf', 516),
	(3332, 'annexe1.pdf', '\\\\scxdata.epfl.ch\\apprentis$\\candidatures\\nouvelles\\516\\annexe1.pdf', 516),
	(3333, 'photo-passeport.png', '\\\\scxdata.epfl.ch\\apprentis$\\candidatures\\nouvelles\\517\\photo-passeport.png', 517),
	(3334, 'carte-identite.pdf', '\\\\scxdata.epfl.ch\\apprentis$\\candidatures\\nouvelles\\517\\carte-identite.pdf', 517),
	(3335, 'curriculum-vitae.pdf', '\\\\scxdata.epfl.ch\\apprentis$\\candidatures\\nouvelles\\517\\curriculum-vitae.pdf', 517),
	(3336, 'lettre-motivation.pdf', '\\\\scxdata.epfl.ch\\apprentis$\\candidatures\\nouvelles\\517\\lettre-motivation.pdf', 517),
	(3337, 'annexe1.pdf', '\\\\scxdata.epfl.ch\\apprentis$\\candidatures\\nouvelles\\517\\annexe1.pdf', 517),
	(3338, 'photo-passeport.jpg', '\\\\scxdata.epfl.ch\\apprentis$\\candidatures\\nouvelles\\518\\photo-passeport.jpg', 518),
	(3339, 'carte-identite.pdf', '\\\\scxdata.epfl.ch\\apprentis$\\candidatures\\nouvelles\\518\\carte-identite.pdf', 518),
	(3340, 'curriculum-vitae.pdf', '\\\\scxdata.epfl.ch\\apprentis$\\candidatures\\nouvelles\\518\\curriculum-vitae.pdf', 518),
	(3341, 'lettre-motivation.pdf', '\\\\scxdata.epfl.ch\\apprentis$\\candidatures\\nouvelles\\518\\lettre-motivation.pdf', 518),
	(3342, 'annexe1.pdf', '\\\\scxdata.epfl.ch\\apprentis$\\candidatures\\nouvelles\\518\\annexe1.pdf', 518),
	(3343, 'annexe2.pdf', '\\\\scxdata.epfl.ch\\apprentis$\\candidatures\\nouvelles\\518\\annexe2.pdf', 518),
	(3344, 'photo-passeport.jpg', '\\\\scxdata.epfl.ch\\apprentis$\\candidatures\\nouvelles\\519\\photo-passeport.jpg', 519),
	(3345, 'carte-identite.pdf', '\\\\scxdata.epfl.ch\\apprentis$\\candidatures\\nouvelles\\519\\carte-identite.pdf', 519),
	(3346, 'curriculum-vitae.pdf', '\\\\scxdata.epfl.ch\\apprentis$\\candidatures\\nouvelles\\519\\curriculum-vitae.pdf', 519),
	(3347, 'lettre-motivation.pdf', '\\\\scxdata.epfl.ch\\apprentis$\\candidatures\\nouvelles\\519\\lettre-motivation.pdf', 519),
	(3348, 'annexe1.pdf', '\\\\scxdata.epfl.ch\\apprentis$\\candidatures\\nouvelles\\519\\annexe1.pdf', 519),
	(3354, 'photo-passeport.jpg', '\\\\scxdata.epfl.ch\\apprentis$\\candidatures\\nouvelles\\521\\photo-passeport.jpg', 521),
	(3355, 'carte-identite.jpg', '\\\\scxdata.epfl.ch\\apprentis$\\candidatures\\nouvelles\\521\\carte-identite.jpg', 521),
	(3356, 'curriculum-vitae.pdf', '\\\\scxdata.epfl.ch\\apprentis$\\candidatures\\nouvelles\\521\\curriculum-vitae.pdf', 521),
	(3357, 'lettre-motivation.pdf', '\\\\scxdata.epfl.ch\\apprentis$\\candidatures\\nouvelles\\521\\lettre-motivation.pdf', 521),
	(3358, 'annexe1.pdf', '\\\\scxdata.epfl.ch\\apprentis$\\candidatures\\nouvelles\\521\\annexe1.pdf', 521),
	(3359, 'annexe2.pdf', '\\\\scxdata.epfl.ch\\apprentis$\\candidatures\\nouvelles\\521\\annexe2.pdf', 521),
	(3360, 'annexe3.pdf', '\\\\scxdata.epfl.ch\\apprentis$\\candidatures\\nouvelles\\521\\annexe3.pdf', 521),
	(3361, 'photo-passeport.pdf', '\\\\scxdata.epfl.ch\\apprentis$\\candidatures\\nouvelles\\522\\photo-passeport.pdf', 522),
	(3362, 'carte-identite.pdf', '\\\\scxdata.epfl.ch\\apprentis$\\candidatures\\nouvelles\\522\\carte-identite.pdf', 522),
	(3363, 'curriculum-vitae.pdf', '\\\\scxdata.epfl.ch\\apprentis$\\candidatures\\nouvelles\\522\\curriculum-vitae.pdf', 522),
	(3364, 'lettre-motivation.pdf', '\\\\scxdata.epfl.ch\\apprentis$\\candidatures\\nouvelles\\522\\lettre-motivation.pdf', 522),
	(3365, 'annexe1.pdf', '\\\\scxdata.epfl.ch\\apprentis$\\candidatures\\nouvelles\\522\\annexe1.pdf', 522),
	(3366, 'annexe2.pdf', '\\\\scxdata.epfl.ch\\apprentis$\\candidatures\\nouvelles\\522\\annexe2.pdf', 522),
	(3367, 'annexe3.pdf', '\\\\scxdata.epfl.ch\\apprentis$\\candidatures\\nouvelles\\522\\annexe3.pdf', 522),
	(3368, 'photo-passeport.pdf', '\\\\scxdata.epfl.ch\\apprentis$\\candidatures\\nouvelles\\523\\photo-passeport.pdf', 523),
	(3369, 'carte-identite.pdf', '\\\\scxdata.epfl.ch\\apprentis$\\candidatures\\nouvelles\\523\\carte-identite.pdf', 523),
	(3370, 'curriculum-vitae.pdf', '\\\\scxdata.epfl.ch\\apprentis$\\candidatures\\nouvelles\\523\\curriculum-vitae.pdf', 523),
	(3371, 'lettre-motivation.pdf', '\\\\scxdata.epfl.ch\\apprentis$\\candidatures\\nouvelles\\523\\lettre-motivation.pdf', 523),
	(3372, 'annexe1.pdf', '\\\\scxdata.epfl.ch\\apprentis$\\candidatures\\nouvelles\\523\\annexe1.pdf', 523),
	(3373, 'photo-passeport.pdf', '\\\\scxdata.epfl.ch\\apprentis$\\candidatures\\nouvelles\\524\\photo-passeport.pdf', 524),
	(3374, 'carte-identite.pdf', '\\\\scxdata.epfl.ch\\apprentis$\\candidatures\\nouvelles\\524\\carte-identite.pdf', 524),
	(3375, 'curriculum-vitae.pdf', '\\\\scxdata.epfl.ch\\apprentis$\\candidatures\\nouvelles\\524\\curriculum-vitae.pdf', 524),
	(3376, 'lettre-motivation.pdf', '\\\\scxdata.epfl.ch\\apprentis$\\candidatures\\nouvelles\\524\\lettre-motivation.pdf', 524),
	(3377, 'annexe1.pdf', '\\\\scxdata.epfl.ch\\apprentis$\\candidatures\\nouvelles\\524\\annexe1.pdf', 524),
	(3378, 'photo-passeport.jpg', '\\\\scxdata.epfl.ch\\apprentis$\\candidatures\\nouvelles\\525\\photo-passeport.jpg', 525),
	(3379, 'carte-identite.jpg', '\\\\scxdata.epfl.ch\\apprentis$\\candidatures\\nouvelles\\525\\carte-identite.jpg', 525),
	(3380, 'curriculum-vitae.pdf', '\\\\scxdata.epfl.ch\\apprentis$\\candidatures\\nouvelles\\525\\curriculum-vitae.pdf', 525),
	(3381, 'lettre-motivation.pdf', '\\\\scxdata.epfl.ch\\apprentis$\\candidatures\\nouvelles\\525\\lettre-motivation.pdf', 525),
	(3382, 'annexe1.pdf', '\\\\scxdata.epfl.ch\\apprentis$\\candidatures\\nouvelles\\525\\annexe1.pdf', 525),
	(3383, 'photo-passeport.pdf', '\\\\scxdata.epfl.ch\\apprentis$\\candidatures\\nouvelles\\526\\photo-passeport.pdf', 526),
	(3384, 'carte-identite.pdf', '\\\\scxdata.epfl.ch\\apprentis$\\candidatures\\nouvelles\\526\\carte-identite.pdf', 526),
	(3385, 'curriculum-vitae.pdf', '\\\\scxdata.epfl.ch\\apprentis$\\candidatures\\nouvelles\\526\\curriculum-vitae.pdf', 526),
	(3386, 'lettre-motivation.pdf', '\\\\scxdata.epfl.ch\\apprentis$\\candidatures\\nouvelles\\526\\lettre-motivation.pdf', 526),
	(3387, 'annexe1.pdf', '\\\\scxdata.epfl.ch\\apprentis$\\candidatures\\nouvelles\\526\\annexe1.pdf', 526),
	(3388, 'annexe2.pdf', '\\\\scxdata.epfl.ch\\apprentis$\\candidatures\\nouvelles\\526\\annexe2.pdf', 526),
	(3389, 'annexe3.pdf', '\\\\scxdata.epfl.ch\\apprentis$\\candidatures\\nouvelles\\526\\annexe3.pdf', 526),
	(3390, 'annexe4.pdf', '\\\\scxdata.epfl.ch\\apprentis$\\candidatures\\nouvelles\\526\\annexe4.pdf', 526),
	(3391, 'annexe5.pdf', '\\\\scxdata.epfl.ch\\apprentis$\\candidatures\\nouvelles\\526\\annexe5.pdf', 526),
	(3392, 'annexe6.pdf', '\\\\scxdata.epfl.ch\\apprentis$\\candidatures\\nouvelles\\526\\annexe6.pdf', 526),
	(3393, 'photo-passeport.png', '\\\\scxdata.epfl.ch\\apprentis$\\candidatures\\nouvelles\\527\\photo-passeport.png', 527),
	(3394, 'carte-identite.pdf', '\\\\scxdata.epfl.ch\\apprentis$\\candidatures\\nouvelles\\527\\carte-identite.pdf', 527),
	(3395, 'curriculum-vitae.pdf', '\\\\scxdata.epfl.ch\\apprentis$\\candidatures\\nouvelles\\527\\curriculum-vitae.pdf', 527),
	(3396, 'lettre-motivation.pdf', '\\\\scxdata.epfl.ch\\apprentis$\\candidatures\\nouvelles\\527\\lettre-motivation.pdf', 527),
	(3397, 'annexe1.pdf', '\\\\scxdata.epfl.ch\\apprentis$\\candidatures\\nouvelles\\527\\annexe1.pdf', 527),
	(3398, 'annexe2.pdf', '\\\\scxdata.epfl.ch\\apprentis$\\candidatures\\nouvelles\\527\\annexe2.pdf', 527),
	(3399, 'photo-passeport.pdf', '\\\\scxdata.epfl.ch\\apprentis$\\candidatures\\nouvelles\\528\\photo-passeport.pdf', 528),
	(3400, 'carte-identite.pdf', '\\\\scxdata.epfl.ch\\apprentis$\\candidatures\\nouvelles\\528\\carte-identite.pdf', 528),
	(3401, 'curriculum-vitae.pdf', '\\\\scxdata.epfl.ch\\apprentis$\\candidatures\\nouvelles\\528\\curriculum-vitae.pdf', 528),
	(3402, 'lettre-motivation.pdf', '\\\\scxdata.epfl.ch\\apprentis$\\candidatures\\nouvelles\\528\\lettre-motivation.pdf', 528),
	(3403, 'annexe1.pdf', '\\\\scxdata.epfl.ch\\apprentis$\\candidatures\\nouvelles\\528\\annexe1.pdf', 528),
	(3404, 'photo-passeport.jpg', '\\\\scxdata.epfl.ch\\apprentis$\\candidatures\\nouvelles\\529\\photo-passeport.jpg', 529),
	(3405, 'carte-identite.pdf', '\\\\scxdata.epfl.ch\\apprentis$\\candidatures\\nouvelles\\529\\carte-identite.pdf', 529),
	(3406, 'curriculum-vitae.pdf', '\\\\scxdata.epfl.ch\\apprentis$\\candidatures\\nouvelles\\529\\curriculum-vitae.pdf', 529),
	(3407, 'lettre-motivation.pdf', '\\\\scxdata.epfl.ch\\apprentis$\\candidatures\\nouvelles\\529\\lettre-motivation.pdf', 529),
	(3408, 'annexe1.pdf', '\\\\scxdata.epfl.ch\\apprentis$\\candidatures\\nouvelles\\529\\annexe1.pdf', 529),
	(3409, 'annexe2.pdf', '\\\\scxdata.epfl.ch\\apprentis$\\candidatures\\nouvelles\\529\\annexe2.pdf', 529),
	(3410, 'annexe3.pdf', '\\\\scxdata.epfl.ch\\apprentis$\\candidatures\\nouvelles\\529\\annexe3.pdf', 529),
	(3411, 'photo-passeport.jpg', '\\\\scxdata.epfl.ch\\apprentis$\\candidatures\\nouvelles\\530\\photo-passeport.jpg', 530),
	(3412, 'carte-identite.pdf', '\\\\scxdata.epfl.ch\\apprentis$\\candidatures\\nouvelles\\530\\carte-identite.pdf', 530),
	(3413, 'curriculum-vitae.pdf', '\\\\scxdata.epfl.ch\\apprentis$\\candidatures\\nouvelles\\530\\curriculum-vitae.pdf', 530),
	(3414, 'lettre-motivation.pdf', '\\\\scxdata.epfl.ch\\apprentis$\\candidatures\\nouvelles\\530\\lettre-motivation.pdf', 530),
	(3415, 'annexe1.pdf', '\\\\scxdata.epfl.ch\\apprentis$\\candidatures\\nouvelles\\530\\annexe1.pdf', 530),
	(3416, 'photo-passeport.jpeg', '\\\\scxdata.epfl.ch\\apprentis$\\candidatures\\nouvelles\\531\\photo-passeport.jpeg', 531),
	(3417, 'carte-identite.pdf', '\\\\scxdata.epfl.ch\\apprentis$\\candidatures\\nouvelles\\531\\carte-identite.pdf', 531),
	(3418, 'curriculum-vitae.pdf', '\\\\scxdata.epfl.ch\\apprentis$\\candidatures\\nouvelles\\531\\curriculum-vitae.pdf', 531),
	(3419, 'lettre-motivation.pdf', '\\\\scxdata.epfl.ch\\apprentis$\\candidatures\\nouvelles\\531\\lettre-motivation.pdf', 531),
	(3420, 'annexe1.pdf', '\\\\scxdata.epfl.ch\\apprentis$\\candidatures\\nouvelles\\531\\annexe1.pdf', 531),
	(3421, 'annexe2.pdf', '\\\\scxdata.epfl.ch\\apprentis$\\candidatures\\nouvelles\\531\\annexe2.pdf', 531),
	(3422, 'annexe3.pdf', '\\\\scxdata.epfl.ch\\apprentis$\\candidatures\\nouvelles\\531\\annexe3.pdf', 531),
	(3423, 'photo-passeport.jpeg', '\\\\scxdata.epfl.ch\\apprentis$\\candidatures\\nouvelles\\532\\photo-passeport.jpeg', 532),
	(3424, 'carte-identite.pdf', '\\\\scxdata.epfl.ch\\apprentis$\\candidatures\\nouvelles\\532\\carte-identite.pdf', 532),
	(3425, 'curriculum-vitae.pdf', '\\\\scxdata.epfl.ch\\apprentis$\\candidatures\\nouvelles\\532\\curriculum-vitae.pdf', 532),
	(3426, 'lettre-motivation.pdf', '\\\\scxdata.epfl.ch\\apprentis$\\candidatures\\nouvelles\\532\\lettre-motivation.pdf', 532),
	(3427, 'certificat-gri.pdf', '\\\\scxdata.epfl.ch\\apprentis$\\candidatures\\nouvelles\\532\\certificat-gri.pdf', 532),
	(3428, 'annexe1.pdf', '\\\\scxdata.epfl.ch\\apprentis$\\candidatures\\nouvelles\\532\\annexe1.pdf', 532),
	(3429, 'annexe2.pdf', '\\\\scxdata.epfl.ch\\apprentis$\\candidatures\\nouvelles\\532\\annexe2.pdf', 532),
	(3430, 'annexe3.pdf', '\\\\scxdata.epfl.ch\\apprentis$\\candidatures\\nouvelles\\532\\annexe3.pdf', 532),
	(3431, 'photo-passeport.png', '\\\\scxdata.epfl.ch\\apprentis$\\candidatures\\nouvelles\\533\\photo-passeport.png', 533),
	(3432, 'carte-identite.pdf', '\\\\scxdata.epfl.ch\\apprentis$\\candidatures\\nouvelles\\533\\carte-identite.pdf', 533),
	(3433, 'curriculum-vitae.pdf', '\\\\scxdata.epfl.ch\\apprentis$\\candidatures\\nouvelles\\533\\curriculum-vitae.pdf', 533),
	(3434, 'lettre-motivation.pdf', '\\\\scxdata.epfl.ch\\apprentis$\\candidatures\\nouvelles\\533\\lettre-motivation.pdf', 533),
	(3435, 'certificat-gri.pdf', '\\\\scxdata.epfl.ch\\apprentis$\\candidatures\\nouvelles\\533\\certificat-gri.pdf', 533),
	(3436, 'annexe1.pdf', '\\\\scxdata.epfl.ch\\apprentis$\\candidatures\\nouvelles\\533\\annexe1.pdf', 533),
	(3437, 'annexe2.pdf', '\\\\scxdata.epfl.ch\\apprentis$\\candidatures\\nouvelles\\533\\annexe2.pdf', 533),
	(3438, 'annexe3.pdf', '\\\\scxdata.epfl.ch\\apprentis$\\candidatures\\nouvelles\\533\\annexe3.pdf', 533),
	(3439, 'annexe4.pdf', '\\\\scxdata.epfl.ch\\apprentis$\\candidatures\\nouvelles\\533\\annexe4.pdf', 533),
	(3440, 'photo-passeport.pdf', '\\\\scxdata.epfl.ch\\apprentis$\\candidatures\\nouvelles\\534\\photo-passeport.pdf', 534),
	(3441, 'carte-identite.pdf', '\\\\scxdata.epfl.ch\\apprentis$\\candidatures\\nouvelles\\534\\carte-identite.pdf', 534),
	(3442, 'curriculum-vitae.pdf', '\\\\scxdata.epfl.ch\\apprentis$\\candidatures\\nouvelles\\534\\curriculum-vitae.pdf', 534),
	(3443, 'lettre-motivation.pdf', '\\\\scxdata.epfl.ch\\apprentis$\\candidatures\\nouvelles\\534\\lettre-motivation.pdf', 534),
	(3444, 'annexe1.pdf', '\\\\scxdata.epfl.ch\\apprentis$\\candidatures\\nouvelles\\534\\annexe1.pdf', 534),
	(3445, 'annexe2.pdf', '\\\\scxdata.epfl.ch\\apprentis$\\candidatures\\nouvelles\\534\\annexe2.pdf', 534),
	(3446, 'annexe3.pdf', '\\\\scxdata.epfl.ch\\apprentis$\\candidatures\\nouvelles\\534\\annexe3.pdf', 534),
	(3447, 'annexe4.pdf', '\\\\scxdata.epfl.ch\\apprentis$\\candidatures\\nouvelles\\534\\annexe4.pdf', 534),
	(3448, 'annexe5.pdf', '\\\\scxdata.epfl.ch\\apprentis$\\candidatures\\nouvelles\\534\\annexe5.pdf', 534),
	(3449, 'photo-passeport.jpg', '\\\\scxdata.epfl.ch\\apprentis$\\candidatures\\nouvelles\\535\\photo-passeport.jpg', 535),
	(3450, 'carte-identite.pdf', '\\\\scxdata.epfl.ch\\apprentis$\\candidatures\\nouvelles\\535\\carte-identite.pdf', 535),
	(3451, 'curriculum-vitae.pdf', '\\\\scxdata.epfl.ch\\apprentis$\\candidatures\\nouvelles\\535\\curriculum-vitae.pdf', 535),
	(3452, 'lettre-motivation.pdf', '\\\\scxdata.epfl.ch\\apprentis$\\candidatures\\nouvelles\\535\\lettre-motivation.pdf', 535),
	(3453, 'certificat-gri.pdf', '\\\\scxdata.epfl.ch\\apprentis$\\candidatures\\nouvelles\\535\\certificat-gri.pdf', 535),
	(3454, 'annexe1.pdf', '\\\\scxdata.epfl.ch\\apprentis$\\candidatures\\nouvelles\\535\\annexe1.pdf', 535),
	(3455, 'photo-passeport.jpeg', '\\\\scxdata.epfl.ch\\apprentis$\\candidatures\\nouvelles\\536\\photo-passeport.jpeg', 536),
	(3456, 'carte-identite.jpeg', '\\\\scxdata.epfl.ch\\apprentis$\\candidatures\\nouvelles\\536\\carte-identite.jpeg', 536),
	(3457, 'curriculum-vitae.pdf', '\\\\scxdata.epfl.ch\\apprentis$\\candidatures\\nouvelles\\536\\curriculum-vitae.pdf', 536),
	(3458, 'lettre-motivation.pdf', '\\\\scxdata.epfl.ch\\apprentis$\\candidatures\\nouvelles\\536\\lettre-motivation.pdf', 536),
	(3459, 'annexe1.pdf', '\\\\scxdata.epfl.ch\\apprentis$\\candidatures\\nouvelles\\536\\annexe1.pdf', 536),
	(3460, 'annexe2.jpeg', '\\\\scxdata.epfl.ch\\apprentis$\\candidatures\\nouvelles\\536\\annexe2.jpeg', 536),
	(3461, 'annexe3.jpeg', '\\\\scxdata.epfl.ch\\apprentis$\\candidatures\\nouvelles\\536\\annexe3.jpeg', 536),
	(3462, 'photo-passeport.jpg', '\\\\scxdata.epfl.ch\\apprentis$\\candidatures\\nouvelles\\537\\photo-passeport.jpg', 537),
	(3463, 'carte-identite.jpg', '\\\\scxdata.epfl.ch\\apprentis$\\candidatures\\nouvelles\\537\\carte-identite.jpg', 537),
	(3464, 'curriculum-vitae.pdf', '\\\\scxdata.epfl.ch\\apprentis$\\candidatures\\nouvelles\\537\\curriculum-vitae.pdf', 537),
	(3465, 'lettre-motivation.pdf', '\\\\scxdata.epfl.ch\\apprentis$\\candidatures\\nouvelles\\537\\lettre-motivation.pdf', 537),
	(3466, 'photo-passeport.jpg', '\\\\scxdata.epfl.ch\\apprentis$\\candidatures\\nouvelles\\538\\photo-passeport.jpg', 538),
	(3467, 'carte-identite.pdf', '\\\\scxdata.epfl.ch\\apprentis$\\candidatures\\nouvelles\\538\\carte-identite.pdf', 538),
	(3468, 'curriculum-vitae.pdf', '\\\\scxdata.epfl.ch\\apprentis$\\candidatures\\nouvelles\\538\\curriculum-vitae.pdf', 538),
	(3469, 'lettre-motivation.pdf', '\\\\scxdata.epfl.ch\\apprentis$\\candidatures\\nouvelles\\538\\lettre-motivation.pdf', 538),
	(3470, 'annexe1.pdf', '\\\\scxdata.epfl.ch\\apprentis$\\candidatures\\nouvelles\\538\\annexe1.pdf', 538),
	(3471, 'annexe2.pdf', '\\\\scxdata.epfl.ch\\apprentis$\\candidatures\\nouvelles\\538\\annexe2.pdf', 538),
	(3472, 'photo-passeport.png', '\\\\scxdata.epfl.ch\\apprentis$\\candidatures\\nouvelles\\539\\photo-passeport.png', 539),
	(3473, 'carte-identite.pdf', '\\\\scxdata.epfl.ch\\apprentis$\\candidatures\\nouvelles\\539\\carte-identite.pdf', 539),
	(3474, 'curriculum-vitae.pdf', '\\\\scxdata.epfl.ch\\apprentis$\\candidatures\\nouvelles\\539\\curriculum-vitae.pdf', 539),
	(3475, 'lettre-motivation.pdf', '\\\\scxdata.epfl.ch\\apprentis$\\candidatures\\nouvelles\\539\\lettre-motivation.pdf', 539),
	(3476, 'annexe1.pdf', '\\\\scxdata.epfl.ch\\apprentis$\\candidatures\\nouvelles\\539\\annexe1.pdf', 539),
	(3477, 'annexe2.pdf', '\\\\scxdata.epfl.ch\\apprentis$\\candidatures\\nouvelles\\539\\annexe2.pdf', 539),
	(3478, 'annexe3.pdf', '\\\\scxdata.epfl.ch\\apprentis$\\candidatures\\nouvelles\\539\\annexe3.pdf', 539),
	(3479, 'photo-passeport.jpg', '\\\\scxdata.epfl.ch\\apprentis$\\candidatures\\nouvelles\\540\\photo-passeport.jpg', 540),
	(3480, 'carte-identite.pdf', '\\\\scxdata.epfl.ch\\apprentis$\\candidatures\\nouvelles\\540\\carte-identite.pdf', 540),
	(3481, 'curriculum-vitae.pdf', '\\\\scxdata.epfl.ch\\apprentis$\\candidatures\\nouvelles\\540\\curriculum-vitae.pdf', 540),
	(3482, 'lettre-motivation.pdf', '\\\\scxdata.epfl.ch\\apprentis$\\candidatures\\nouvelles\\540\\lettre-motivation.pdf', 540),
	(3483, 'certificat-gri.jpeg', '\\\\scxdata.epfl.ch\\apprentis$\\candidatures\\nouvelles\\540\\certificat-gri.jpeg', 540),
	(3484, 'annexe1.pdf', '\\\\scxdata.epfl.ch\\apprentis$\\candidatures\\nouvelles\\540\\annexe1.pdf', 540),
	(3485, 'annexe2.pdf', '\\\\scxdata.epfl.ch\\apprentis$\\candidatures\\nouvelles\\540\\annexe2.pdf', 540),
	(3486, 'annexe3.pdf', '\\\\scxdata.epfl.ch\\apprentis$\\candidatures\\nouvelles\\540\\annexe3.pdf', 540),
	(3487, 'photo-passeport.jpg', '\\\\scxdata.epfl.ch\\apprentis$\\candidatures\\nouvelles\\541\\photo-passeport.jpg', 541),
	(3488, 'carte-identite.pdf', '\\\\scxdata.epfl.ch\\apprentis$\\candidatures\\nouvelles\\541\\carte-identite.pdf', 541),
	(3489, 'curriculum-vitae.pdf', '\\\\scxdata.epfl.ch\\apprentis$\\candidatures\\nouvelles\\541\\curriculum-vitae.pdf', 541),
	(3490, 'lettre-motivation.pdf', '\\\\scxdata.epfl.ch\\apprentis$\\candidatures\\nouvelles\\541\\lettre-motivation.pdf', 541),
	(3491, 'annexe1.pdf', '\\\\scxdata.epfl.ch\\apprentis$\\candidatures\\nouvelles\\541\\annexe1.pdf', 541),
	(3492, 'photo-passeport.png', '\\\\scxdata.epfl.ch\\apprentis$\\candidatures\\nouvelles\\542\\photo-passeport.png', 542),
	(3493, 'carte-identite.pdf', '\\\\scxdata.epfl.ch\\apprentis$\\candidatures\\nouvelles\\542\\carte-identite.pdf', 542),
	(3494, 'curriculum-vitae.pdf', '\\\\scxdata.epfl.ch\\apprentis$\\candidatures\\nouvelles\\542\\curriculum-vitae.pdf', 542),
	(3495, 'lettre-motivation.pdf', '\\\\scxdata.epfl.ch\\apprentis$\\candidatures\\nouvelles\\542\\lettre-motivation.pdf', 542),
	(3496, 'annexe1.pdf', '\\\\scxdata.epfl.ch\\apprentis$\\candidatures\\nouvelles\\542\\annexe1.pdf', 542),
	(3497, 'annexe2.pdf', '\\\\scxdata.epfl.ch\\apprentis$\\candidatures\\nouvelles\\542\\annexe2.pdf', 542),
	(3498, 'annexe3.pdf', '\\\\scxdata.epfl.ch\\apprentis$\\candidatures\\nouvelles\\542\\annexe3.pdf', 542),
	(3499, 'annexe4.pdf', '\\\\scxdata.epfl.ch\\apprentis$\\candidatures\\nouvelles\\542\\annexe4.pdf', 542),
	(3500, 'annexe5.pdf', '\\\\scxdata.epfl.ch\\apprentis$\\candidatures\\nouvelles\\542\\annexe5.pdf', 542),
	(3501, 'photo-passeport.pdf', '\\\\scxdata.epfl.ch\\apprentis$\\candidatures\\nouvelles\\543\\photo-passeport.pdf', 543),
	(3502, 'carte-identite.pdf', '\\\\scxdata.epfl.ch\\apprentis$\\candidatures\\nouvelles\\543\\carte-identite.pdf', 543),
	(3503, 'curriculum-vitae.pdf', '\\\\scxdata.epfl.ch\\apprentis$\\candidatures\\nouvelles\\543\\curriculum-vitae.pdf', 543),
	(3504, 'lettre-motivation.pdf', '\\\\scxdata.epfl.ch\\apprentis$\\candidatures\\nouvelles\\543\\lettre-motivation.pdf', 543),
	(3505, 'annexe1.pdf', '\\\\scxdata.epfl.ch\\apprentis$\\candidatures\\nouvelles\\543\\annexe1.pdf', 543),
	(3506, 'photo-passeport.jpg', '\\\\scxdata.epfl.ch\\apprentis$\\candidatures\\nouvelles\\544\\photo-passeport.jpg', 544),
	(3507, 'carte-identite.pdf', '\\\\scxdata.epfl.ch\\apprentis$\\candidatures\\nouvelles\\544\\carte-identite.pdf', 544),
	(3508, 'curriculum-vitae.pdf', '\\\\scxdata.epfl.ch\\apprentis$\\candidatures\\nouvelles\\544\\curriculum-vitae.pdf', 544),
	(3509, 'lettre-motivation.pdf', '\\\\scxdata.epfl.ch\\apprentis$\\candidatures\\nouvelles\\544\\lettre-motivation.pdf', 544),
	(3510, 'annexe1.pdf', '\\\\scxdata.epfl.ch\\apprentis$\\candidatures\\nouvelles\\544\\annexe1.pdf', 544),
	(3511, 'annexe2.pdf', '\\\\scxdata.epfl.ch\\apprentis$\\candidatures\\nouvelles\\544\\annexe2.pdf', 544),
	(3512, 'annexe3.pdf', '\\\\scxdata.epfl.ch\\apprentis$\\candidatures\\nouvelles\\544\\annexe3.pdf', 544),
	(3513, 'annexe4.pdf', '\\\\scxdata.epfl.ch\\apprentis$\\candidatures\\nouvelles\\544\\annexe4.pdf', 544),
	(3514, 'annexe5.pdf', '\\\\scxdata.epfl.ch\\apprentis$\\candidatures\\nouvelles\\544\\annexe5.pdf', 544),
	(3515, 'photo-passeport.pdf', '\\\\scxdata.epfl.ch\\apprentis$\\candidatures\\nouvelles\\545\\photo-passeport.pdf', 545),
	(3516, 'carte-identite.pdf', '\\\\scxdata.epfl.ch\\apprentis$\\candidatures\\nouvelles\\545\\carte-identite.pdf', 545),
	(3517, 'curriculum-vitae.pdf', '\\\\scxdata.epfl.ch\\apprentis$\\candidatures\\nouvelles\\545\\curriculum-vitae.pdf', 545),
	(3518, 'lettre-motivation.pdf', '\\\\scxdata.epfl.ch\\apprentis$\\candidatures\\nouvelles\\545\\lettre-motivation.pdf', 545),
	(3519, 'annexe1.pdf', '\\\\scxdata.epfl.ch\\apprentis$\\candidatures\\nouvelles\\545\\annexe1.pdf', 545),
	(3526, 'photo-passeport.jpg', '\\\\scxdata.epfl.ch\\apprentis$\\candidatures\\nouvelles\\547\\photo-passeport.jpg', 547),
	(3527, 'carte-identite.pdf', '\\\\scxdata.epfl.ch\\apprentis$\\candidatures\\nouvelles\\547\\carte-identite.pdf', 547),
	(3528, 'curriculum-vitae.pdf', '\\\\scxdata.epfl.ch\\apprentis$\\candidatures\\nouvelles\\547\\curriculum-vitae.pdf', 547),
	(3529, 'lettre-motivation.pdf', '\\\\scxdata.epfl.ch\\apprentis$\\candidatures\\nouvelles\\547\\lettre-motivation.pdf', 547),
	(3530, 'annexe1.pdf', '\\\\scxdata.epfl.ch\\apprentis$\\candidatures\\nouvelles\\547\\annexe1.pdf', 547),
	(3531, 'annexe2.pdf', '\\\\scxdata.epfl.ch\\apprentis$\\candidatures\\nouvelles\\547\\annexe2.pdf', 547),
	(3532, 'photo-passeport.jpg', '\\\\scxdata.epfl.ch\\apprentis$\\candidatures\\nouvelles\\548\\photo-passeport.jpg', 548),
	(3533, 'carte-identite.pdf', '\\\\scxdata.epfl.ch\\apprentis$\\candidatures\\nouvelles\\548\\carte-identite.pdf', 548),
	(3534, 'curriculum-vitae.pdf', '\\\\scxdata.epfl.ch\\apprentis$\\candidatures\\nouvelles\\548\\curriculum-vitae.pdf', 548),
	(3535, 'lettre-motivation.pdf', '\\\\scxdata.epfl.ch\\apprentis$\\candidatures\\nouvelles\\548\\lettre-motivation.pdf', 548),
	(3536, 'annexe1.pdf', '\\\\scxdata.epfl.ch\\apprentis$\\candidatures\\nouvelles\\548\\annexe1.pdf', 548),
	(3537, 'annexe2.pdf', '\\\\scxdata.epfl.ch\\apprentis$\\candidatures\\nouvelles\\548\\annexe2.pdf', 548),
	(3538, 'photo-passeport.png', '\\\\scxdata.epfl.ch\\apprentis$\\candidatures\\nouvelles\\549\\photo-passeport.png', 549),
	(3539, 'carte-identite.pdf', '\\\\scxdata.epfl.ch\\apprentis$\\candidatures\\nouvelles\\549\\carte-identite.pdf', 549),
	(3540, 'curriculum-vitae.pdf', '\\\\scxdata.epfl.ch\\apprentis$\\candidatures\\nouvelles\\549\\curriculum-vitae.pdf', 549),
	(3541, 'lettre-motivation.pdf', '\\\\scxdata.epfl.ch\\apprentis$\\candidatures\\nouvelles\\549\\lettre-motivation.pdf', 549),
	(3542, 'annexe1.pdf', '\\\\scxdata.epfl.ch\\apprentis$\\candidatures\\nouvelles\\549\\annexe1.pdf', 549),
	(3543, 'annexe2.pdf', '\\\\scxdata.epfl.ch\\apprentis$\\candidatures\\nouvelles\\549\\annexe2.pdf', 549),
	(3544, 'photo-passeport.png', '\\\\scxdata.epfl.ch\\apprentis$\\candidatures\\nouvelles\\550\\photo-passeport.png', 550),
	(3545, 'carte-identite.pdf', '\\\\scxdata.epfl.ch\\apprentis$\\candidatures\\nouvelles\\550\\carte-identite.pdf', 550),
	(3546, 'curriculum-vitae.pdf', '\\\\scxdata.epfl.ch\\apprentis$\\candidatures\\nouvelles\\550\\curriculum-vitae.pdf', 550),
	(3547, 'lettre-motivation.pdf', '\\\\scxdata.epfl.ch\\apprentis$\\candidatures\\nouvelles\\550\\lettre-motivation.pdf', 550),
	(3548, 'annexe1.pdf', '\\\\scxdata.epfl.ch\\apprentis$\\candidatures\\nouvelles\\550\\annexe1.pdf', 550),
	(3549, 'annexe2.pdf', '\\\\scxdata.epfl.ch\\apprentis$\\candidatures\\nouvelles\\550\\annexe2.pdf', 550),
	(3550, 'photo-passeport.jpg', '\\\\scxdata.epfl.ch\\apprentis$\\candidatures\\nouvelles\\551\\photo-passeport.jpg', 551),
	(3551, 'carte-identite.jpg', '\\\\scxdata.epfl.ch\\apprentis$\\candidatures\\nouvelles\\551\\carte-identite.jpg', 551),
	(3552, 'curriculum-vitae.pdf', '\\\\scxdata.epfl.ch\\apprentis$\\candidatures\\nouvelles\\551\\curriculum-vitae.pdf', 551),
	(3553, 'lettre-motivation.pdf', '\\\\scxdata.epfl.ch\\apprentis$\\candidatures\\nouvelles\\551\\lettre-motivation.pdf', 551),
	(3554, 'annexe1.pdf', '\\\\scxdata.epfl.ch\\apprentis$\\candidatures\\nouvelles\\551\\annexe1.pdf', 551),
	(3555, 'annexe2.pdf', '\\\\scxdata.epfl.ch\\apprentis$\\candidatures\\nouvelles\\551\\annexe2.pdf', 551),
	(3556, 'annexe3.pdf', '\\\\scxdata.epfl.ch\\apprentis$\\candidatures\\nouvelles\\551\\annexe3.pdf', 551),
	(3557, 'annexe4.pdf', '\\\\scxdata.epfl.ch\\apprentis$\\candidatures\\nouvelles\\551\\annexe4.pdf', 551),
	(3558, 'annexe5.pdf', '\\\\scxdata.epfl.ch\\apprentis$\\candidatures\\nouvelles\\551\\annexe5.pdf', 551),
	(3559, 'annexe6.pdf', '\\\\scxdata.epfl.ch\\apprentis$\\candidatures\\nouvelles\\551\\annexe6.pdf', 551),
	(3560, 'annexe7.pdf', '\\\\scxdata.epfl.ch\\apprentis$\\candidatures\\nouvelles\\551\\annexe7.pdf', 551),
	(3561, 'photo-passeport.jpeg', '\\\\scxdata.epfl.ch\\apprentis$\\candidatures\\nouvelles\\552\\photo-passeport.jpeg', 552),
	(3562, 'carte-identite.pdf', '\\\\scxdata.epfl.ch\\apprentis$\\candidatures\\nouvelles\\552\\carte-identite.pdf', 552),
	(3563, 'curriculum-vitae.pdf', '\\\\scxdata.epfl.ch\\apprentis$\\candidatures\\nouvelles\\552\\curriculum-vitae.pdf', 552),
	(3564, 'lettre-motivation.pdf', '\\\\scxdata.epfl.ch\\apprentis$\\candidatures\\nouvelles\\552\\lettre-motivation.pdf', 552),
	(3565, 'annexe1.pdf', '\\\\scxdata.epfl.ch\\apprentis$\\candidatures\\nouvelles\\552\\annexe1.pdf', 552),
	(3566, 'annexe2.pdf', '\\\\scxdata.epfl.ch\\apprentis$\\candidatures\\nouvelles\\552\\annexe2.pdf', 552),
	(3567, 'photo-passeport.jpg', '\\\\scxdata.epfl.ch\\apprentis$\\candidatures\\nouvelles\\553\\photo-passeport.jpg', 553),
	(3568, 'carte-identite.pdf', '\\\\scxdata.epfl.ch\\apprentis$\\candidatures\\nouvelles\\553\\carte-identite.pdf', 553),
	(3569, 'curriculum-vitae.pdf', '\\\\scxdata.epfl.ch\\apprentis$\\candidatures\\nouvelles\\553\\curriculum-vitae.pdf', 553),
	(3570, 'lettre-motivation.pdf', '\\\\scxdata.epfl.ch\\apprentis$\\candidatures\\nouvelles\\553\\lettre-motivation.pdf', 553),
	(3571, 'annexe1.pdf', '\\\\scxdata.epfl.ch\\apprentis$\\candidatures\\nouvelles\\553\\annexe1.pdf', 553),
	(3572, 'photo-passeport.pdf', '\\\\scxdata.epfl.ch\\apprentis$\\candidatures\\nouvelles\\554\\photo-passeport.pdf', 554),
	(3573, 'carte-identite.pdf', '\\\\scxdata.epfl.ch\\apprentis$\\candidatures\\nouvelles\\554\\carte-identite.pdf', 554),
	(3574, 'curriculum-vitae.pdf', '\\\\scxdata.epfl.ch\\apprentis$\\candidatures\\nouvelles\\554\\curriculum-vitae.pdf', 554),
	(3575, 'lettre-motivation.pdf', '\\\\scxdata.epfl.ch\\apprentis$\\candidatures\\nouvelles\\554\\lettre-motivation.pdf', 554),
	(3576, 'certificat-gri.pdf', '\\\\scxdata.epfl.ch\\apprentis$\\candidatures\\nouvelles\\554\\certificat-gri.pdf', 554),
	(3577, 'annexe1.pdf', '\\\\scxdata.epfl.ch\\apprentis$\\candidatures\\nouvelles\\554\\annexe1.pdf', 554),
	(3578, 'photo-passeport.jpg', '\\\\scxdata.epfl.ch\\apprentis$\\candidatures\\nouvelles\\555\\photo-passeport.jpg', 555),
	(3579, 'carte-identite.pdf', '\\\\scxdata.epfl.ch\\apprentis$\\candidatures\\nouvelles\\555\\carte-identite.pdf', 555),
	(3580, 'curriculum-vitae.pdf', '\\\\scxdata.epfl.ch\\apprentis$\\candidatures\\nouvelles\\555\\curriculum-vitae.pdf', 555),
	(3581, 'lettre-motivation.pdf', '\\\\scxdata.epfl.ch\\apprentis$\\candidatures\\nouvelles\\555\\lettre-motivation.pdf', 555),
	(3582, 'annexe1.pdf', '\\\\scxdata.epfl.ch\\apprentis$\\candidatures\\nouvelles\\555\\annexe1.pdf', 555),
	(3583, 'photo-passeport.pdf', '\\\\scxdata.epfl.ch\\apprentis$\\candidatures\\nouvelles\\556\\photo-passeport.pdf', 556),
	(3584, 'carte-identite.pdf', '\\\\scxdata.epfl.ch\\apprentis$\\candidatures\\nouvelles\\556\\carte-identite.pdf', 556),
	(3585, 'curriculum-vitae.pdf', '\\\\scxdata.epfl.ch\\apprentis$\\candidatures\\nouvelles\\556\\curriculum-vitae.pdf', 556),
	(3586, 'lettre-motivation.pdf', '\\\\scxdata.epfl.ch\\apprentis$\\candidatures\\nouvelles\\556\\lettre-motivation.pdf', 556),
	(3587, 'annexe1.pdf', '\\\\scxdata.epfl.ch\\apprentis$\\candidatures\\nouvelles\\556\\annexe1.pdf', 556),
	(3588, 'annexe2.pdf', '\\\\scxdata.epfl.ch\\apprentis$\\candidatures\\nouvelles\\556\\annexe2.pdf', 556),
	(3589, 'photo-passeport.jpg', '\\\\scxdata.epfl.ch\\apprentis$\\candidatures\\nouvelles\\557\\photo-passeport.jpg', 557),
	(3590, 'carte-identite.pdf', '\\\\scxdata.epfl.ch\\apprentis$\\candidatures\\nouvelles\\557\\carte-identite.pdf', 557),
	(3591, 'curriculum-vitae.pdf', '\\\\scxdata.epfl.ch\\apprentis$\\candidatures\\nouvelles\\557\\curriculum-vitae.pdf', 557),
	(3592, 'lettre-motivation.pdf', '\\\\scxdata.epfl.ch\\apprentis$\\candidatures\\nouvelles\\557\\lettre-motivation.pdf', 557),
	(3593, 'annexe1.pdf', '\\\\scxdata.epfl.ch\\apprentis$\\candidatures\\nouvelles\\557\\annexe1.pdf', 557),
	(3594, 'annexe2.pdf', '\\\\scxdata.epfl.ch\\apprentis$\\candidatures\\nouvelles\\557\\annexe2.pdf', 557),
	(3595, 'annexe3.pdf', '\\\\scxdata.epfl.ch\\apprentis$\\candidatures\\nouvelles\\557\\annexe3.pdf', 557),
	(3596, 'photo-passeport.jpg', '\\\\scxdata.epfl.ch\\apprentis$\\candidatures\\nouvelles\\558\\photo-passeport.jpg', 558),
	(3597, 'carte-identite.jpeg', '\\\\scxdata.epfl.ch\\apprentis$\\candidatures\\nouvelles\\558\\carte-identite.jpeg', 558),
	(3598, 'curriculum-vitae.pdf', '\\\\scxdata.epfl.ch\\apprentis$\\candidatures\\nouvelles\\558\\curriculum-vitae.pdf', 558),
	(3599, 'lettre-motivation.pdf', '\\\\scxdata.epfl.ch\\apprentis$\\candidatures\\nouvelles\\558\\lettre-motivation.pdf', 558),
	(3600, 'annexe1.pdf', '\\\\scxdata.epfl.ch\\apprentis$\\candidatures\\nouvelles\\558\\annexe1.pdf', 558),
	(3601, 'annexe2.pdf', '\\\\scxdata.epfl.ch\\apprentis$\\candidatures\\nouvelles\\558\\annexe2.pdf', 558),
	(3602, 'annexe3.jpeg', '\\\\scxdata.epfl.ch\\apprentis$\\candidatures\\nouvelles\\558\\annexe3.jpeg', 558),
	(3603, 'photo-passeport.jpg', '\\\\scxdata.epfl.ch\\apprentis$\\candidatures\\nouvelles\\559\\photo-passeport.jpg', 559),
	(3604, 'carte-identite.jpeg', '\\\\scxdata.epfl.ch\\apprentis$\\candidatures\\nouvelles\\559\\carte-identite.jpeg', 559),
	(3605, 'curriculum-vitae.pdf', '\\\\scxdata.epfl.ch\\apprentis$\\candidatures\\nouvelles\\559\\curriculum-vitae.pdf', 559),
	(3606, 'lettre-motivation.pdf', '\\\\scxdata.epfl.ch\\apprentis$\\candidatures\\nouvelles\\559\\lettre-motivation.pdf', 559),
	(3607, 'annexe1.pdf', '\\\\scxdata.epfl.ch\\apprentis$\\candidatures\\nouvelles\\559\\annexe1.pdf', 559),
	(3608, 'annexe2.pdf', '\\\\scxdata.epfl.ch\\apprentis$\\candidatures\\nouvelles\\559\\annexe2.pdf', 559),
	(3609, 'annexe3.jpeg', '\\\\scxdata.epfl.ch\\apprentis$\\candidatures\\nouvelles\\559\\annexe3.jpeg', 559),
	(3610, 'photo-passeport.jpeg', '\\\\scxdata.epfl.ch\\apprentis$\\candidatures\\nouvelles\\560\\photo-passeport.jpeg', 560),
	(3611, 'carte-identite.jpeg', '\\\\scxdata.epfl.ch\\apprentis$\\candidatures\\nouvelles\\560\\carte-identite.jpeg', 560),
	(3612, 'curriculum-vitae.jpeg', '\\\\scxdata.epfl.ch\\apprentis$\\candidatures\\nouvelles\\560\\curriculum-vitae.jpeg', 560),
	(3613, 'lettre-motivation.jpeg', '\\\\scxdata.epfl.ch\\apprentis$\\candidatures\\nouvelles\\560\\lettre-motivation.jpeg', 560),
	(3614, 'annexe1.pdf', '\\\\scxdata.epfl.ch\\apprentis$\\candidatures\\nouvelles\\560\\annexe1.pdf', 560),
	(3615, 'annexe2.pdf', '\\\\scxdata.epfl.ch\\apprentis$\\candidatures\\nouvelles\\560\\annexe2.pdf', 560),
	(3616, 'annexe3.pdf', '\\\\scxdata.epfl.ch\\apprentis$\\candidatures\\nouvelles\\560\\annexe3.pdf', 560),
	(3617, 'annexe4.jpeg', '\\\\scxdata.epfl.ch\\apprentis$\\candidatures\\nouvelles\\560\\annexe4.jpeg', 560),
	(3618, 'photo-passeport.png', '\\\\scxdata.epfl.ch\\apprentis$\\candidatures\\nouvelles\\561\\photo-passeport.png', 561),
	(3619, 'carte-identite.pdf', '\\\\scxdata.epfl.ch\\apprentis$\\candidatures\\nouvelles\\561\\carte-identite.pdf', 561),
	(3620, 'curriculum-vitae.pdf', '\\\\scxdata.epfl.ch\\apprentis$\\candidatures\\nouvelles\\561\\curriculum-vitae.pdf', 561),
	(3621, 'lettre-motivation.pdf', '\\\\scxdata.epfl.ch\\apprentis$\\candidatures\\nouvelles\\561\\lettre-motivation.pdf', 561);
/*!40000 ALTER TABLE `file` ENABLE KEYS */;


DELETE FROM `has_access`;
/*!40000 ALTER TABLE `has_access` DISABLE KEYS */;
INSERT INTO `has_access` (`has_access_id`, `fk_access_group`, `fk_position`) VALUES
	(131, 'formateurs-informaticiens', 62),
	(156, 'formateurs-interactive-media-designer', 68),
	(164, 'formateurs-logisticiens', 64),
	(177, 'formateurs-gardiens-animaux', 66),
	(179, 'formateurs-polymecaniciens', 65),
	(180, 'formateurs-laborantins-en-physique', 63),
	(181, 'formateurs-laborantins-en-chimie', 60),
	(182, 'formateurs-laborantins-en-biologie', 50),
	(183, 'formateurs-informaticiens', 61),
	(184, 'formateurs-commerce', 67),
	(185, 'formateurs-informaticiens', 59);
/*!40000 ALTER TABLE `has_access` ENABLE KEYS */;


DELETE FROM `job`;
/*!40000 ALTER TABLE `job` DISABLE KEYS */;
INSERT INTO `job` (`job_id`, `job_short_value`, `job_full_value`) VALUES
	(1, 'informaticienEntreprise', 'Informaticien·ne CFC; filière entreprise'),
	(2, 'informaticienSysteme', 'Informaticien·ne CFC; filière technique des systèmes'),
	(3, 'informaticienDev', 'Informaticien·ne CFC; filière développement d\'applications'),
	(4, 'laborantinBiologie', 'Laborantin-e CFC; option biologie'),
	(5, 'laborantinChimie', 'Laborantin-e CFC; option chimie'),
	(6, 'laborantinPhysique', 'Laborantin-e CFC; option physique'),
	(14, 'logisticien', 'Logisticien·ne CFC'),
	(15, 'planificateurElectricien', 'Planificateur-trice éléctricien·ne CFC'),
	(16, 'electronicien', 'Electronicien·ne CFC'),
	(17, 'polyMecanicien', 'Polymécanicien·ne CFC'),
	(18, 'employeCommerce', 'Employé·e de commerce CFC'),
	(19, 'gardienAnimaux', 'Gardien·ne d\'animaux CFC'),
	(20, 'interactiveMediaDesigner', 'Interactive Media Designer CFC'),
	(21, 'informaticien', 'Informaticien·ne CFC; pas de filière préfèrèe');
/*!40000 ALTER TABLE `job` ENABLE KEYS */;


DELETE FROM `last_connection`;
/*!40000 ALTER TABLE `last_connection` DISABLE KEYS */;
INSERT INTO `last_connection` (`last_connection_id`, `last_connection_sciper`, `last_connection_date`, `last_connection_tmp_date`) VALUES
	(1, '262544', '2020-07-22 13:27:40', '2020-07-29 13:03:26'),
	(2, '113982', '2021-01-06 07:58:14', '2021-01-06 13:04:11'),
	(3, '167916', '2020-06-18 10:22:21', '2021-01-06 10:04:06'),
	(4, '107517', '2020-12-10 08:16:52', '2020-12-11 09:28:09'),
	(5, '171400', '2020-10-03 13:31:42', '2020-12-16 15:17:51'),
	(6, '229846', '2020-10-02 08:26:55', '2020-10-02 08:27:32'),
	(7, '195252', '2020-10-07 07:37:00', '2020-10-07 07:37:00'),
	(8, '138413', '2020-12-16 10:50:13', '2021-01-04 17:13:45'),
	(9, '247939', '2020-10-09 14:13:56', '2020-10-30 09:48:29'),
	(10, '177501', '2020-10-09 16:02:21', '2020-01-22 10:18:41'),
	(11, '117363', '2020-10-23 09:33:50', '2020-10-23 09:33:50'),
	(12, '145746', '2020-12-11 08:27:57', '2020-04-27 15:27:13'),
	(13, '215223', '2020-10-24 12:43:24', '2020-10-24 12:43:24'),
	(14, '150321', '2020-12-16 14:55:24', '2020-01-07 15:24:32'),
	(15, '172703', '2020-10-29 14:36:38', '2020-10-29 14:36:38'),
	(16, '148802', '2020-11-30 17:49:05', '2020-12-09 17:14:21'),
	(17, '245836', '2020-11-05 09:54:42', '2020-11-05 09:54:42'),
	(18, '181658', '2020-01-22 10:51:45', '2020-01-22 10:51:45'),
	(19, '251650', '2020-02-12 11:40:31', '2020-02-12 11:40:31'),
	(20, '148572', '2020-02-13 10:33:00', '2020-02-13 10:33:00'),
	(21, '213927', '2020-02-27 14:19:51', '2020-02-27 14:19:51'),
	(22, '162235', '2020-03-02 11:22:59', '2020-03-02 11:22:59'),
	(23, '180776', '2020-03-02 15:04:46', '2020-03-02 15:04:46'),
	(24, '188110', '2020-03-24 13:34:58', '2020-03-24 13:34:58'),
	(25, '318319', '2020-03-24 16:42:00', '2020-03-24 16:42:00'),
	(26, '222707', '2020-07-30 09:05:47', '2020-08-05 10:47:17'),
	(27, '299040', '2020-09-08 14:12:02', '2020-09-08 14:12:02'),
	(28, '161014', '2020-11-09 10:55:04', '2020-11-09 10:55:04'),
	(29, '104765', '2020-12-04 09:40:36', '2020-12-04 09:40:36'),
	(30, '169419', '2021-02-06 16:15:23', '2021-02-06 16:15:23');
/*!40000 ALTER TABLE `last_connection` ENABLE KEYS */;


DELETE FROM `location`;
/*!40000 ALTER TABLE `location` DISABLE KEYS */;
INSERT INTO `location` (`location_id`, `location_site`) VALUES
	(1, 'EPFL Lausanne'),
	(2, 'EPFL Valais Sion');
/*!40000 ALTER TABLE `location` ENABLE KEYS */;


DELETE FROM `marker`;
/*!40000 ALTER TABLE `marker` DISABLE KEYS */;
INSERT INTO `marker` (`marker_id`, `marker_owner_sciper`, `marker_value`, `fk_applicant_id`) VALUES
	(142, '169419', 1, 532),
	(143, '169419', 2, 525),
	(144, '169419', 3, 516),
	(145, '169419', 4, 531),
	(146, '169419', 5, 514),
	(147, '169419', 1, 510),
	(148, '169419', 2, 526),
	(149, '169419', 3, 540),
	(150, '169419', 4, 535),
	(151, '169419', 5, 533),
	(152, '169419', 1, 530);
/*!40000 ALTER TABLE `marker` ENABLE KEYS */;


DELETE FROM `position`;
/*!40000 ALTER TABLE `position` DISABLE KEYS */;
INSERT INTO `position` (`position_id`, `position_spot_number`, `fk_location`, `fk_job`) VALUES
	(50, 2, 1, 4),
	(59, 2, 1, 3),
	(60, 8, 1, 5),
	(61, 2, 1, 1),
	(62, 0, 1, 2),
	(63, 2, 1, 6),
	(64, 0, 1, 14),
	(65, 3, 1, 17),
	(66, 1, 1, 19),
	(67, 5, 1, 18),
	(68, 0, 1, 20);
/*!40000 ALTER TABLE `position` ENABLE KEYS */;


DELETE FROM `professional_activity`;
/*!40000 ALTER TABLE `professional_activity` DISABLE KEYS */;
INSERT INTO `professional_activity` (`professional_activity_id`, `professional_activity_company`, `professional_activity_location`, `professional_activity_activity`, `professional_activity_years`, `fk_applicant_id`) VALUES
	(296, 'Groupe Leuba', 'Renens', 'Employé de commerce', '2018 / 2020', 472),
	(303, 'SeMo', 'Renens', 'Employé de cuisine', 'actuellement', 483),
	(304, 'Gary Gurovics', 'David Lloyd Geneva', 'asistante monitrice', '2016-2019', 493),
	(305, 'Yann Dupuy', 'David Lloyd Geneva', 'asistante monitrice', '2019-2020', 493),
	(306, 'Ismael', 'Burger & Brother', 'serveuse', '2020', 493),
	(307, 'Leclanché Capacitors', 'Yverdon-les-Bains', 'Employé de commerce', '2019-2019', 494),
	(308, 'hotel 3 couronnes', 'vevey', 'steward', '2020-2020', 495),
	(309, 'Papival emballage et hygiène SA', 'Sion', 'Logisticien', '2004-2007', 502),
	(310, 'Hornbach', 'Etoy', 'magasinier - vendeur', '', 506),
	(311, 'CHUV - Médecin Interne', 'Lausanne', 'Assitente en soins et santé communautaire', '2019 - Actuelment', 509),
	(312, 'AS Assanceurs ', 'Mont-sur-Lausanne', 'archivage', '2019-2020', 511),
	(313, 'Vasl Andishan Sepid', 'Tehran, Iran', 'Full-stack Web Developer', '2016-2017', 512),
	(314, 'Darkoob Web Agency', 'Tehran, Iran', 'Full-stack Web Developer', '2015-2016', 512),
	(315, 'Intelligent Information Solutions Center, Sharif University of Technology', 'Tehran, Iran', 'Software Tester and Back-end Web Developer', '2014-2015', 512),
	(316, 'Infologo', 'Genève', 'Apprenti Informaticien', 'De 2020 à ?', 514),
	(317, 'Manor', 'Vevey', 'Apprenti GCD', 'De 2019 à 2020', 514),
	(318, 'Privatel', 'Lonay', 'Apprenti GCD', 'De 2016 à 2019', 514),
	(319, 'Semonord', 'Yverdon-les-Bains', 'Mesure de transition', '2020', 515),
	(320, 'Leclanché Capacitors', 'Yverdon-les-Bains', 'Employé de commerce ', '2019-2019', 515),
	(321, 'SeMo', 'Renens', 'Employé de cuisine', '2020', 522),
	(322, 'SeMo', 'Renens', 'Bureautique', '2020', 522),
	(323, 'Parcs et domaine', 'Lausanne', 'apprentis employé de commerce', '2017-2018', 524),
	(324, 'Association projet Nyon', 'Nyon', 'Mesure de transition', '2020', 524),
	(326, 'Zoo de Saint Martin la Plaine', 'Saint Martin La Plaine (France)', 'animatrice pédagogique ', '2020', 529),
	(327, 'Le Parc des Felins ', 'Nesles (France)', 'animatrice pédagogique', '2019', 529),
	(328, 'Zoo Sauvage de Saint Felicien', 'Saint Félicien (Quebec)', 'perfectionnement en enrichissement ', '2018', 529),
	(329, 'ORIF', 'Pomy', 'CFC Informaticien', '2019-en cours', 530),
	(330, 'ETML', 'Lausanne', 'Préapprentissage technique', '2020-2021', 534),
	(331, 'ECG', 'Morges', '', '2020-2021', 535),
	(332, 'ETML', 'Lausanne ', 'Préapprentissage ', '2020-2021', 536),
	(333, 'Semo chablais', 'Bex ', '', 'Août à aujourd\'hui', 538),
	(334, 'Voir CV', '', '', '', 539),
	(335, 'pas de formation', 'Lausanne', 'pas d\'activité', '2020', 540),
	(336, 'carand\'ache ', 'Genéve', 'CFC électroplaste', '2018-2019', 544),
	(337, 'BCV', 'Le Sentier et Lausanne', 'assistante gestionnaire contentieux', 'de 1998 à 2000', 545),
	(338, 'Dr Roland Niedermann', 'Genève', 'assistante médicale', 'de 2002 à 2003', 545),
	(339, 'CHUV', 'Lausanne', 'infirmière', 'de 2012 à 2016', 545),
	(340, 'Gymnase Provence', 'Lausanne', 'Etudiante', '2010 - 2013', 556),
	(341, 'Haute Ecole Pédagogique Vaud', 'Lausanne', 'Etudiante Bachelor', '2015 - 2018', 556),
	(342, 'HEP Vaud - UNIL', 'Lausanne', 'Etudiante Master', '2018 - 2021', 556);
/*!40000 ALTER TABLE `professional_activity` ENABLE KEYS */;


DELETE FROM `responsible`;
/*!40000 ALTER TABLE `responsible` DISABLE KEYS */;
INSERT INTO `responsible` (`responsible_id`, `responsible_gender`, `responsible_name`, `responsible_fsname`, `responsible_street`, `responsible_npa`, `responsible_phone`) VALUES
	(3, 'Homme', 'Golade', 'Larry', 'Av. du cirque', '1234', '+41 21 693 11 00'),
	(4, 'Femme', 'Leman', 'Norma', 'Rte. habituelle 12', '2345', '+41 21 693 11 00'),
	(5, 'Homme', 'Ateur', 'Nordine', 'Ch. de la carte mère', '3456', '+41 21 693 11 00'),
	(6, 'Femme', 'Nicouverture', 'Sandra', 'Chemin du linge', '4567', '+41 21 693 11 00'),
	(9, 'Homme', 'Hibulaire', 'Pat', 'Av. du Stade', '5678', '+41 21 693 11 00'),
	(10, 'Femme', 'Micoton', 'Milène', 'Rue de la Laverie', '6789', '+41 21 693 11 00'),
	(11, 'Homme', 'Graf ', 'Otto', 'Av. des stars', '7890', '0437311800'),
	(12, NULL, '__', '__', '__', '__', '+41 21 693 11 00'),
	(13, 'Homme', 'Anon', 'Jacky', 'Rte de Mauvoisin 297', '1948 Lourtier', '+41 075 971 91 00'),
	(14, 'Femme', 'Anon', 'Christelle', 'Rte de Mauvoisin 297', '1948 Lourtier', '+41 075 650 51 00'),
	(15, 'Femme', 'Anon', 'Anne', 'ch. des Chaux 1b', '1070 Puidoux', '+41 74 505 41 00'),
	(16, 'Homme', 'Anon', 'Jean-Marc', 'Ch. des Chaux 1b', '1070 Puidoux', '+41 74 276 21 00'),
	(17, 'Femme', 'Anon', 'Lina Maria', 'Chemin de la Brume 3', '1110 Morges', '078/ 795 61 00'),
	(18, 'Homme', 'Anon', 'Carlos Alberto', 'Chemin de la Brume 3', '1110 Morges', '078/ 797 61 00'),
	(19, 'Femme', 'Anon', 'Anne', 'ch. des Chaux 1b', '1070 Puidoux', '+41 74 505 41 00'),
	(20, 'Homme', 'Anon', 'Jean-Marc', 'Ch. des Chaux 1b', '1070 Puidoux', '+41 74 276 21 00'),
	(21, 'Homme', 'Anon', 'Philippe', 'Av. Montagibert 6', '1005 Lausanne', '+41 72 250 01 00'),
	(22, 'Femme', 'Anon', 'Annick', 'Av. Montagibert 6', '1005 Lausanne', '+41 74 722 91 00'),
	(23, 'Homme', 'Anon', 'Marc-Henri', 'Route de l\'Epine 3', '1148 Mont-la-Ville', '+41 74 709 71 00'),
	(24, 'Femme', 'Anon', 'Stéphanie', 'Route de l\'Epine 3', '1148 Mont-la-Ville', '+41 74 410 31 00'),
	(25, 'Homme', 'Anon', 'Felipe', 'Rue de la gare, 21', '1110, Morges', '+41 75 328 71 00'),
	(26, 'Femme', 'Anon', 'Lívia', 'Rue de la gare, 21', '1110, Morges', '+41 75 637 41 00'),
	(27, 'Femme', 'Anon', 'Aurélie', 'Chemin Pré-des-Murailles 1', '1321, Arnex-sur-Orbe', '+41 74 367 21 00'),
	(28, 'Homme', 'Anon', 'Vincent', 'Chemin Pré-des-Murailles 1', '1321, Arnex-sur-Orbe', '+41 75 744 71 00'),
	(29, 'Femme', 'Anon', 'Marina', 'Impasse Notre-Dame 18', '1608 Chapelle (glâne)', '021 907 61 00'),
	(30, 'Homme', 'Anon', 'Marc', 'Planche à Troupet 16', '1616 Attalens', '+41 74 632 41 00'),
	(31, 'Femme', 'Anon', 'Corinne', 'Planche à Troupet 16', '1616 Attalens', '+41 74 402 31 00'),
	(32, 'Homme', 'Anon', 'Luis', 'Rue de villette 12', '1400 Yveron-les-Bains', '0773311300'),
	(33, 'Femme', 'Anon', 'Sandra', 'Rue de la villette 12', '1400 Yverdon-les-Bains', '0774901800'),
	(34, 'Homme', 'Anon ', 'Jörg', 'Chemin des abbesses 12', '1027 lonay ', '+41 75 604 11 00'),
	(35, 'Femme', 'Anon', 'Corinne', 'chemin des abbesses 12', '1027 lonay ', '+41 75 616 241800'),
	(36, 'Femme', 'Anon', 'Gisèle', 'Chemin de la covatannaz 2', '1032 Romanel-sur-Lausanne', '+41 75 770 01 00'),
	(37, 'Homme', 'Anon', 'Aldo', 'Chemin de la Covatannaz 2', '1032 Romanel-sur-Lausanne', '+41 74 358 41 00'),
	(38, 'Femme', 'Anon', 'Isabelle', 'Route D\'Orbe 1', '1040 Echallens', '0774001300'),
	(39, 'Homme', 'Anon', 'Marc', 'Route D\'Orbe 1', '1040 Echallens', '0786161300'),
	(40, 'Femme', 'Anon', 'Véronique', 'Chemin de Pallin 35A', '1009 Pully', '+41 74 321 11 00'),
	(41, 'Femme', 'Anon', 'Christelle', 'Rue du Four 7', '1122 Romanel-sur-Morges', '021 803 31 00'),
	(42, 'Homme', 'Anon', 'Sébastien', 'Rue du Four 7', '1122 Romanel-sur-Morges', '021 803 31 00'),
	(43, 'Femme', 'Anon', 'Christelle', 'Rue du Four 7', '1122 Romanel-sur-Morges', '021 803 31 00'),
	(44, 'Homme', 'Anon', 'Sébastien', 'Rue du Four 7', '1122 Romanel-sur-Morges', '021 803 31 00'),
	(45, 'Homme', 'Anon', 'Fabien', 'Chemin de la Blancherie 20', '1022, Chavannes-près-Renens', '+41 74 596 51 00'),
	(46, 'Femme', 'Anon', 'Chantal', 'Chemin de Chien-Boeuf 4', '1304, Cossonay', '+41 74 374 51 00'),
	(47, 'Homme', 'Anon', 'Fabien', 'Chemin de la Blancherie 20', '1022, Chavannes-près-Renens', '+41 74 596 51 00'),
	(48, 'Femme', 'Anon', 'Chantal', 'Chemin de Chien-Boeuf 4', '1304, Cossonay', '+41 74 374 51 00'),
	(49, 'Femme', 'Anon', 'Katia', 'Av Général Guisan 124', '1180 Rolle', '+41 74 433 51 00'),
	(50, 'Homme', 'Anon', 'Yves', 'Av Général Guisan 124', '1180 Rolle', '+41 75 429 81 00'),
	(51, 'Homme', 'Anon', 'Christian', 'Rue du Pont-Levis 11', '1162 St-Prex', '+4173 634 51 00'),
	(52, 'Homme', 'Anon', 'Didier', 'Chemin es Males Vignes 1', '1422 Grandson', '+41 74 413 41 00'),
	(53, 'Femme', 'Anon', 'Valérie', 'Chemin es Males Vignes 1', '1422 Grandson', '+78 742 81 00'),
	(54, 'Homme', 'Anon', 'Jean-Luc', 'Route du Périsset 3', '1660 Château-d\'Oex', '+41 74 431 11 00'),
	(55, 'Homme', 'Anon', 'Alain', 'Impasse Pra Defferra 2', '1686 Grangettes', '+41 74 557 11 00'),
	(56, 'Homme', 'Anon', 'Coralie', 'Impasse Pra Defferra 2', '1686 Grangettes', '+41 72 822 01 00'),
	(57, 'Homme', 'Anon', 'Alain', 'Ch. du Payet 2', '1684 Mézières', '+ 41 79 352 71 00'),
	(58, 'Femme', 'Anon', 'Alexandra', 'Ch. du PAyet 2', '1684 Mézières', '+41 74 874 71 00'),
	(59, 'Homme', 'Anon de Sousa', 'Armando', 'Chemin d\'Eysins 20', '1260 Nyon', '077 713 51 00'),
	(60, 'Femme', 'Anon de Sous', 'Dzemila', 'Chemin d\'Eysins 20', '1260 Nyon', '078 870 51 00'),
	(61, 'Homme', 'Anon', 'Antonio', 'Maraiche 11', '1802', '0219221800'),
	(62, 'Femme', 'Anon', 'Anne', 'Blanchoud 4', '1800', '0786251200'),
	(63, 'Homme', 'Anon', 'Jean-Noël', 'Route de l\'Allex 31', '1880 Bex', '+41 74 545 881700'),
	(64, 'Homme', 'Anon', 'Jean-Noël', 'Route de l\'Allex 31', '1880 Bex', '+41 74 545 881700'),
	(65, 'Femme', 'Anon', 'Laurence', 'Route de Bulle 14', '1687 Vuisternens', '+41 74 390 01 00'),
	(66, 'Homme', 'Anon', 'Patrice', 'Route de Bulle 14', '1687 Vuisternens-dt-Romont', '+41 74 475 81 00'),
	(67, 'Homme', 'Anon', 'Felipe', 'Route de Chenevaires 36', '1867 St-Triphon', '075 425 51 00'),
	(68, 'Femme', 'Anon', 'Nathalie', 'Route de Chenevaires 36', '1867 St-Triphon', '075 632 61 00'),
	(69, 'Homme', 'Anon ', 'Joseph', 'Route de Romont 6', '1670 Ursy', '+41736001600'),
	(70, 'Femme', 'Anon', 'Sandrine', 'Avenue des Oiseaux 15', '1018 Lausanne', '+41 74 472 21 00'),
	(71, 'Homme', 'Anon', 'Romeo', 'Avenue d\'Ouchy 38', '1006 Lausanne', '+41 72 581 91 00'),
	(72, 'Femme', 'Anon', 'Sandrine', 'Avenue des Oiseaux 15', '1018 Lausanne', '+41 74 472 21 00'),
	(73, 'Homme', 'Anon', 'Romeo', 'Avenue d\'Ouchy 38', '1006 Lausanne', '+41 72 581 91 00'),
	(74, 'Femme', 'Anon', 'Sandrine', 'Avenue des Oiseaux 15', '1018 Lausanne', '+41 74 472 21 00'),
	(75, 'Homme', 'Anon', 'Romeo', 'Avenue d\'Ouchy 38', '1006 Lausanne', '+41 72 581 91 00'),
	(76, 'Femme', 'Anon', 'Sophie', 'Route de Montagnier 27', '1934 Le Châble', '+41 74 290 51 00'),
	(77, 'Homme', 'Anon', 'David', 'Chemin de Raccard Neu 27', '1947 Versegères', '+41 74 286 61 00'),
	(78, 'Homme', 'Anon', 'Olivier', 'Ch. de Liamont 5', '1046 Rueyres', '+41 75 965 11 00'),
	(79, 'Femme', 'Anon', 'Isabelle ', 'Ch. de Liamont 5', '1046 Rueyres', '+41 72 822 31 00'),
	(81, 'Homme', 'Anon', 'Flurim', 'Chemin.de.Boissonet 67', '1010 Lausanne', '+41 74 196 91 00'),
	(82, 'Femme', 'Anon', 'Hirmet', 'Chemin.de.Boissonet 67', '1010 Lausanne', '+41 73 123 44 00'),
	(83, 'Homme', 'Anon', 'Flurim', 'Chemin.de.Boissonet 67', '1010 Lausanne', '+41 74 196 91 00'),
	(84, 'Femme', 'Anon', 'Hirmet', 'Chemin.de.Boissonet 67', '1010 Lausanne', '+41 73 123 44 00'),
	(85, 'Femme', 'Anon', 'Snezana', 'Ch de la Chiésaz 15', '1024 Ecublens', '+41 21 691 01 00'),
	(86, 'Homme', 'Anon', 'Milorad', 'Ch de la Chiésaz 15', '1024 Ecublens', '+41 21 691 01 00'),
	(87, 'Femme', 'Anon', 'Claudia', 'Avenue de l\'Avant-Poste 23', '1005 Lausanne', '078 6291700'),
	(88, 'Femme', 'Anon', 'Claudia', 'Avenue de l\'Avant-Poste 23', '1005 Lausanne', '078 6291700'),
	(89, 'Femme', 'Anon', 'Claudia', 'Avenue de l\'Avant-Poste 23', '1005 Lausanne', '078 6291700'),
	(90, 'Femme', 'Anon', 'Claudia', 'Avenue de l\'Avant-Poste 23', '1005 Lausanne', '078 6291700'),
	(91, 'Femme', 'Anon', 'Claudia', 'Avenue de l\'Avant-Poste 23', '1005 Lausanne', '078 6291700'),
	(92, 'Femme', 'Anon', 'Claudia', 'Avenue de l\'Avant-Poste 23', '1005 Lausanne', '078 6291700'),
	(93, 'Femme', 'Anon', 'Claudia', 'Avenue de l\'Avant-Poste 23', '1005 Lausanne', '078 6291700'),
	(94, 'Femme', 'Anon', 'Luigina', 'Chemin des Jonquilles 5 ', '1020 Renens', '+41 72 411 91 00'),
	(95, 'Homme', 'Anon', 'Rino', 'Chemin des Jonquilles 5', '1020 Renens', '+41 74 220 01 00'),
	(96, 'Homme', 'Anon', 'Sébastien', 'Impasse des Arbéroz 1', '1699, Bouloz', '077 571 11 00'),
	(97, 'Femme', 'Anon-Froidevaux', 'Corinne', 'Impasse des Arbéroz 1', '1699, Bouloz', '077 435 71 00'),
	(98, 'Femme', 'Anon Pino', 'Amanda Cécilia', 'Ch. de la tour grise 10', '1006 lausanne', '0788021800'),
	(99, 'Homme', 'Anon', 'Patricio', 'ch. des Libellules 2', '1010 lausanne', '0787391700'),
	(100, 'Homme', 'Foo', 'Tuna', 'vulliettaz 113', '1066 Epalinges', '+41731701400'),
	(101, 'Femme', 'Foo', 'Katia', 'Ch. de l\'Arzelier 18', '1071 Chexbres', '+41737391500'),
	(102, 'Femme', 'Foo', 'Evelyne', 'Chaussée du Canal 40a', '1897 Bouveret', '+41 74 862 71 00'),
	(103, 'Homme', 'Foo', 'Joël', 'Rte de la Plâtrière', '1966 Ayent', '078 627 21 00'),
	(104, 'Femme', 'Foo', 'Tatiana', 'Grand Vy 13', '1268 Begnins', '+41 72 348 91 00'),
	(105, 'Femme', 'Foo', 'Anne Lise', 'rte de Prélaz 8A', '1807 Blonay', '+41733801400'),
	(106, 'Homme', 'Foo', 'Georges', 'rte de Prélaz 8A', '1807 Blonay', '+41733061200'),
	(107, 'Femme', 'Foo', 'Leila', 'Ch. des Cerisiers 3', '1184 Luins', '+41 74 429 21 00'),
	(108, 'Homme', 'Foo', 'Steve', 'Ch. des Cerisiers 3', '1184 Luins', '+41 74 382 81 00'),
	(109, 'Femme', 'Foo Salas', 'Carmen', 'Route de la cité 18', '1856 Leysin', '0788531500'),
	(110, 'Homme', 'Foo Vaquero', 'Abraham', 'Route de chany 10', '1564 Domdidier', '0789471900'),
	(111, 'Femme', 'Foo', 'Mélisa', 'Rue du Pré 1', '1055 Froideville', '0752021300'),
	(112, 'Homme', 'Foo', 'Patrick', 'Rte Sur Le Pont 2b', '1055 Froideville', '+41 75 657 22 33'),
	(113, 'Femme', 'Foo', 'Florence', 'Rte. de Neuchâtel 41', '1008 Prilly', '+41 74 198 11 00'),
	(116, 'Homme', 'Foo', 'Jean-Pierre', 'Route de Monteiller 85', '1965 Savièse', '+76 392 71 00'),
	(117, 'Femme', 'Foo', 'Astid', 'Rue Ormône 41', '1965 Savièse', '++41 75 819 91 00'),
	(118, 'Homme', 'Foo', 'Alexandre', 'Ch. de la Mellette 21', '1081 Montpreveyres', '+41 74 446 31 00'),
	(119, 'Femme', 'Foo', 'Sandrine', 'Ch. de la Mellette 21', '1081 Montpreveyres', '+41 75 872 11 00'),
	(120, 'Homme', 'Foo', 'Neil', 'Rue des pressoirs 31', '1844 Villeneuve', '0751261400'),
	(121, 'Femme', 'Foo', 'Stéphanie', 'rue de la Placette 13', '1304 Cossonay', '0772541400'),
	(122, 'Homme', 'Foo', 'Nicolas', 'Chemin des Mélèzes 19', '1026 Denges', '0752791300'),
	(123, 'Homme', 'Foo', 'Serge', 'La Condémine, 71', '1474 Châbles', '+41 74 398 31 00'),
	(124, 'Femme', 'Foo', 'Chantal', 'La Condémine, 71', '1474 Châbles', '+41 74 481 61 00'),
	(125, 'Homme', 'Foo', 'Guido', 'Route d\'en bas 28', '1084 Carrouge', '0755571300'),
	(126, 'Homme', 'Foo', 'Karim', 'Chemin Des Mélèzes 24', '1197 Prangins', '+41 74 688 61 00'),
	(127, 'Femme', 'Foo', 'Kathy', 'Chemin Des Mélèzes 24', '1197 Prangins', '+41 74 829 81 00'),
	(128, 'Femme', 'Foo', 'Laura', 'Chemin du Lignage 1', '1195  Bursinel', '+41 74 324 41 00'),
	(129, 'Femme', 'Foo', 'Olga', 'Chemin du Tatrel 25', '1617 Tatroz', '+41 74 471 11 00'),
	(130, 'Homme', 'Foo', 'Gilles', 'Chemin du Tatrel 25 ', '1617 Tatroz', '+41 74 212 61 00'),
	(131, 'Homme', 'Foo', 'Yvan', 'Boulevard de Pérolles 24', '1700 Fribourg', '026 305 11 00'),
	(132, 'Homme', 'Foo', 'Frédéric', 'Rue de la Rochette 1', '1470 Estavayer-le-lac', '0266641100'),
	(133, 'Femme', 'Foo', 'Hasani', 'Av. du Grey 76', '1018 Lausanne', '+41 72 414 01 00'),
	(134, 'Homme', 'Foo', 'Hasani', 'Av. du Grey 76', '1018 Lausanne', '+41 74 816 01 00'),
	(135, 'Homme', 'Foo', 'Armin', 'Chemin de la Chesaude 8', '1072, Forel (Lavaux)', '+41734711500'),
	(136, 'Femme', 'Foo', 'Sabina', 'Chemin de la Chesaude 8', '1072, Forel (Lavaux)', '+41788661900'),
	(137, 'Homme', 'Foo', 'Jean-Claude', 'chemin de l\'aigle 1', '1534 Sassel', '+41 26 668 01 00'),
	(138, 'Femme', 'Foo', 'Sandrine', 'Chemin de l\'Aigle 1', '1534 Sassel', '+41 26 668 01 00'),
	(139, NULL, 'Bar-Foo', 'Samson', '31 Route du Levant', '1404 Cuarny', '0757811000'),
	(140, 'Femme', 'Bar-Overney', 'Karine', 'Route du levant 31', '1404 Cuarny', '0752851400'),
	(141, 'Femme', 'Bar', 'Dolores ', 'Chemin de Rente 4', '1030, Bussigny ', '+41 74 222 11 00'),
	(142, 'Homme', 'Bar', 'Olivier', 'Chemin de Cocagne 12', '1030, Bussigny', '+41 75 834 11 00'),
	(143, 'Femme', 'Bar', 'Maire-Noëlle', 'Rue De La Madeleine 21 A', '1800 Vevey', '+41 72 584 11 00'),
	(144, 'Homme', 'Bar', 'Sébastien', 'Rue des Péralla 90', '1618, Châtel-Saint-Denis', '+41 74 792 11 00'),
	(145, 'Homme', 'Bar ', 'Kamalanathan ', 'route de la pierre 5', '1024 Ecublens ', '0216911800'),
	(146, 'Femme', 'Bar', 'Véronique', 'Chemin de la Laiterie 2', '1261 Marchissy', '+41 74 126 01 00'),
	(147, 'Femme', 'Bar', 'Ruth-Esther', 'passage du temple 7', '1337, Vallorbe', '077 421 71 00'),
	(148, 'Homme', 'Bar', 'Julien', 'Avenue de france 63', '1004, Lausanne', '077 321 81 00'),
	(149, 'Homme', 'Bar', 'Christophe', 'Fontaines 21', '1322 Croy', '+41 74 549 41 00'),
	(150, 'Femme', 'Bar', 'Ophélie ', 'Fontaines 21', '1322 Croy', '+41 74 252 81 00'),
	(151, 'Femme', 'Bar', 'Laurence', 'route de Trélex, 11', '1272 Genolier', '+41 77 426 31 00'),
	(152, 'Homme', 'Bar', 'Eiasu', 'Ch. de Montelly 17', '1007 Lausanne', '075 223 41 00'),
	(153, 'Homme', 'Bar', 'Hasan', 'Route des Cliniques, 31', '1700 Fribourg', '078 794 91 00'),
	(154, 'Femme', 'Bar', 'Derya', 'Route des Cliniques, 31', '1700 Fribourg', '077 241 41 00'),
	(155, 'Femme', 'Bar', 'Yasmine', 'Ch.Pré de la Tour 4', '1009 Pully', '+41 75 744 501000'),
	(156, 'Homme', 'Bar', 'Raphaël ', 'Quartier-Latin 22 ', '1907 Saxon', '+41786221500'),
	(157, 'Femme', 'Bar', 'Wäffler', 'Rue de Pontarlier 7', '1337 Vallorbe', '0786561900'),
	(158, 'Femme', 'Bar', 'Christelle', 'rue de Chypre 5', '1400 Yverdon-les-Bains', '+41 75 720 01 00'),
	(159, 'Homme', 'Bar', 'Mathieu', 'rue de Chypre 5', '1400 Yverdon-les-Bains', '+41 72 417 31 00'),
	(160, 'Femme', 'Bar Teixeira', 'Paula Cristina', 'Chemin de la Barillette 2', '1260 Nyon', '+41 75 751 21 00'),
	(161, 'Femme', 'Bar Teixeira', 'Paula Cristina', 'Chemin de la Barillette 2', '1260 Nyon', '+41 75 751 21 00'),
	(162, 'Homme', 'Bar', 'Ethan', 'Route du Levant 23', '1617 Remaufens', '+41733071200'),
	(163, 'Femme', 'Bar', 'Laura', 'Route du Levant 23', '1617 Remaufens', '+41786461900'),
	(164, 'Homme', 'Bar', 'Ahmed', 'Chemin de Malley 13', '1007, Lausanne', '+41 21 626 01 00'),
	(165, 'Femme', 'Bar', 'Johanne', 'Chemin de Malley 13', '1007, Lausanne', '+41 21 626 01 00'),
	(166, 'Homme', 'Bar', 'Yves', 'Rue des Vergers 3', '1462 Yvonand', '+41 74 218 91 00'),
	(167, 'Femme', 'Bar', 'Geneviève', 'Rue des Vergers 3', '1462 Yvonand', '+41 75 808 21 00'),
	(168, 'Femme', 'Bar', 'Michelle', 'chemin de Crausaz 22', '1162 St-Prex', '+41735021600'),
	(169, 'Homme', 'Bar', 'Reto', 'ch de Crausaz 22', '1162 St-prex', '+41733201300'),
	(170, 'Homme', 'Bar', 'Nuno', 'Quai du Doubs 7', 'FR-25300 Pontarlier', '078 960 71 00'),
	(173, 'Femme', 'Bar', 'Estelle', 'Rue du bourg de plaît 10', '1071 Chexbres', '075 103 51 00'),
	(174, 'Homme', 'Bar', 'Yves', 'Chemin de la Vuachère 21D', '1012 Lausanne', '078 641 41 00'),
	(175, 'Homme', 'Bar', 'Bruno', 'Chemin du Lignolet 18 C', '1260 Nyon', '+41733361400'),
	(176, 'Femme', 'Bar', 'Katja', 'Grand Rue 41', '1814 La Tour-de-Peilz', '0041 74 273 21 00'),
	(177, 'Homme', 'Bar', 'Patrick', 'Avenue de la Cressire 5b', '1814 La Tour-de-Peilz', '0041 74 607 71 00'),
	(178, 'Homme', 'Bar', 'Moussa', 'route de Bière 16', '1189 Saubraz', '+33620881600'),
	(179, 'Femme', 'Bar ', 'Maghnia', 'Route de Bière 16', '1189 Saubraz', '+33621211500'),
	(180, 'Homme', 'Bar', 'Patrick', 'Chemin du Couchant 13', '1180 Rolle', '+41 75 761 21 00'),
	(181, 'Homme', 'Bar', 'Edin', 'Praz-Séchaud 7', '1010 Lausanne', '0774561800'),
	(182, 'Femme', 'Bar', 'Majda', 'Praz-Séchaud 7', '1010 Lausanne', '+417723751700'),
	(183, 'Homme', 'Bar', 'Omer', 'Praz-Séchaud 7', '1010 Lausanne', '0774561800'),
	(184, 'Femme', 'Bar', 'Majda', 'Praz-Séchaud 7', '1010 Lausanne', '+417723751700'),
	(185, 'Femme', 'Bar Da Silva', 'Susanne', 'Chemin de Condamine 6', '1267 Coinsins', '+41 74 277 41 00'),
	(186, 'Homme', 'Bar Da Silva', 'Rui Manuel', 'Chemin de Condamine 6', '1267 Coinsins', '+41 72 339 21 00'),
	(187, 'Homme', 'Bar', 'Blaise', 'Ch. du Méregniau 17', '1041 Poliez-Pittet', '075 210 91 00'),
	(188, 'Femme', 'Bar', 'Sandra', 'Ch. du Méregniau 17', '1041 Poliez-Pittet', '077 575 81 00'),
	(189, 'Homme', 'Bar', 'Romain', 'Ch. du Clusel 4', '1261 Le Vaud', '+41 22 3661900'),
	(190, 'Femme', 'Bar', 'Laure', 'Ch. Courtillet 11', '1092 Belmnt-sur-Lausanne', '+41774271400'),
	(191, 'Femme', 'Bar', 'Laure', 'Ch. Courtillet 11', '1092 Belmnt-sur-Lausanne', '+41774271400'),
	(192, 'Femme', 'Bar', 'Stéphanie', 'Avenue Etienne Guillemin 20', '1009 Pully', '077 520 11 00'),
	(193, 'Homme', 'Bar', 'Jaques', 'rue du Cheminet 7', '1400 Yverdon', '077 322 11 00'),
	(194, 'Homme', 'Bar', 'Patrick', 'rue du village 26', '1055 Froideville', '0041792121900'),
	(195, 'Femme', 'Bar', 'Séverine', 'rue du village 26', '1055 Froideville', '0041795121300'),
	(196, 'Homme', 'Bar', 'Michaël', 'route de la Golette 4', '1425 Onnens', '+41 74 838 31 00'),
	(197, 'Femme', 'Bar Niederhäuser', 'Sophie', 'route de la Golette 4', '1425 Onnens', '+41 74 509 71 00'),
	(198, 'Femme', 'Bar', 'Catherine', 'route de la Belle-Croix 12', '1680 Romont', '+41 72 437 81 00'),
	(199, 'Femme', 'Bar', 'Catherine', 'route de la Belle-Croix 12', '1680 Romont', '+41 72 437 81 00'),
	(200, 'Femme', 'Bar', 'Ismaelle', 'Chemin des Vergers 7', '1162, St-Prex', '+41 74 373 41 00'),
	(201, 'Homme', 'Bar', 'Michael', 'Chemin des Vergers 7', '1162, St-Prex', '+41 74 413 31 00'),
	(202, 'Femme', 'Bar', 'Lorna', 'av. du Grey 38', '1004', '+41 72 420 21 00'),
	(203, 'Femme', 'Bar', 'Arlette', 'Avenue Druey, 14', '1018, Lausanne', '07887531900'),
	(204, 'Homme', 'Bar', 'Antonino', 'Rue du Grammont 7', '1815, Clarens', '0788191200'),
	(205, 'Femme', 'Bar de Carvalho', 'Monica Maria', 'Rue du Châtelard 13', '1400 Yverdon-les-Bains', '0774751100'),
	(206, 'Homme', 'Bar da Silva', 'Joao Paulo', 'Rue du Châtelard 13', '1400 Yverdon-les-Bains', '0774531000'),
	(207, 'Femme', 'Bar de Carvalho', 'Monica Maria', 'Rue du Châtelard 13', '1400 Yverdon-les-Bains', '0774751100'),
	(208, 'Homme', 'Bar da Silva', 'Joao Paulo', 'Rue du Châtelard 13', '1400 Yverdon-les-Bains', '0774531000'),
	(209, 'Femme', 'Bar', 'Catherine', 'Route de la Belle-Croix 12', '1680 Romont', '+41 72 437 81 00'),
	(210, 'Femme', 'Bar', 'Catherine', 'Route de la Belle-Croix 12', '1680 Romont', '+41 72 437 81 00'),
	(211, 'Homme', 'Bar Diesbach', 'Jérôme', 'Ducenet 10', '1694 Villarsiviriaux', '+41 74 462 31 00'),
	(212, 'Femme', 'Bar Diesbach', 'Dominique', 'Ducenet 10', '1694 Villarsiviriaux', '+41 74 703 71 00'),
	(213, 'Femme', 'Bar', 'Estelle', 'Au village 58', '2904, Bressaucourt', '+41 74 339 41 00'),
	(214, 'Homme', 'Bar', 'Reto', 'Route de Bure 7', '2900, Porrentruy', '+41 74 774 71 00'),
	(215, 'Homme', 'Bar', 'Romain', 'Av. de la Vallonnette, 20', '1012, Lausanne', '+41 74 106 71 00'),
	(216, 'Femme', 'Bar Bourquard', 'Catherine', 'Av. de la Vallonnette, 20', '1012, Lausanne', '+41 74 135 11 00'),
	(217, 'Femme', 'Bar', 'Catherine', 'route de la Belle-Croix 12', '1680 Romont', '+41 72 437 81 00'),
	(218, 'Femme', 'Bar', 'Malgorzata', 'Chemin de Ponfilet 72', '1093, La Conversion', '+41 74 518 61 00'),
	(219, 'Homme', 'Bar', 'Flurim', 'Chemin.de.Boissonet 67', '1010, Lausanne', '075 196 91 00'),
	(220, 'Femme', 'Bar', 'Hirmet', 'Chemin.de.Boissonet 67', '1010, Lausanne', '+41 21 693 55 00'),
	(221, 'Femme', 'Bar Büren', 'Kelley-Sam', 'Ch. des Jardins 36', '1616 Attalens', '+41736101900'),
	(222, 'Homme', 'Bar Büren', 'Fabrice', 'Ch. des Jardins 36', '1616 Attalens', '+4173 948 81 00'),
	(223, 'Homme', 'Bar', 'Jachen', 'Chemin de la Grangette 60', '1010, Lausanne', '+41 74 204 51 00'),
	(224, 'Femme', 'Bar', 'Maria Teresa', 'Chemin de la Grangette 60', '1010, Lausanne', '+41 74 714 01 00'),
	(225, 'Femme', 'Bar', 'Danielle', 'Route de la Pierra 14', '1676 Chavannes-les-Forts', '+41786171800'),
	(226, 'Homme', 'Bar', 'Daniel', 'Boulevard Georges-Favon, 41', '1204, Genève', '0773821600'),
	(227, 'Femme', 'Bar', 'Marcela', 'Boulevard Georges-Favon, 41', '1204, Genève', '0773821600'),
	(228, 'Femme', 'Bar', 'Tamara', 'Allée du rionzi 36', '1028, Préverenges', '+41 72 588 51 00'),
	(229, 'Homme', 'Bar', 'Jean-Louis', 'Sur la Croix 115', '1020, Renens', '075 793 01 00'),
	(230, 'Femme', 'Bar-Krys', 'Bernadette', 'Sur la Croix 115', '1020, Renens', '075 808 91 00'),
	(231, 'Femme', 'Bar-Morel', 'Nathalie', 'follaterres 62 ', '1920 Martigny ', '+41789041000'),
	(232, 'Homme', 'Bar', 'Michael', 'Chemin du Muveran 9', '1026 Echandens ', '+41 21 701 51 00'),
	(233, 'Femme', 'Bar', 'Katja ', 'Chemin du Muveran 9', '1026 Echandens ', '+41 74 367 21 00'),
	(234, 'Femme', 'Bar Cupelin', 'Myriam', 'Village 41', '1921 Martigny-Croix', '075 528 01 00'),
	(235, 'Homme', 'Bar', 'Nicolas', 'Fontaine 84', '1921 Martigny-Croix', '075 450 41 00'),
	(236, 'Homme', 'Bar', 'Yves', 'Chemin du Plan 6b', '1092 Belmont', '+41732171000'),
	(237, 'Femme', 'Bar', 'Isabelle', 'Chemin du Plan 6b', '1092 Belmont', '+41732061400'),
	(238, 'Femme', 'Bar', 'Nicole', 'Avenue Général Guisan 32', '1180 Rolle', '+41788371000'),
	(239, 'Homme', 'Bar', 'Christophe', 'Route de Saubraz 15', '1188 Gimel', '+41 72 384 61 00'),
	(240, 'Femme', 'Bar', 'Céline', 'Route de Saubraz 15', '1188 Gimel', '+41 77 204 01 00'),
	(241, 'Femme', 'Bar', 'Céline ', 'Chemin pré du Château 3 ', '1482 Cugy ', '0788231700'),
	(242, 'Homme', 'Bar', 'Jérôme ', 'Route d\'yverdon 23', '1530 Payerne ', '0757631800'),
	(243, 'Homme', 'Bar', 'Frédéric', 'Impasse du Marteray 15', '1699 Bouloz', '+41 74 509 01 00'),
	(244, 'Femme', 'Bar', 'Martine', 'Impasse du Marteray 15', '1699 Bouloz', '+41 74 509 01 00'),
	(245, 'Homme', 'Bar', 'Stephane', 'Rte du Village 33', '1066 Epalinges', '+41732291000'),
	(246, 'Femme', 'Bar RUIZ JUNKER', 'Merly', 'Village 33', '1066 Epalinges', '+41773521700'),
	(247, 'Femme', 'Bar', 'Francoise', 'Rue de la Villette 20', '1400 Yverdon-les-Bains', '077 368 91 00'),
	(248, 'Homme', 'Bar', 'Simon', 'Rue des Près-du-Lac 45', '1400 Yverdon-les-Bains', '077 958 21 00'),
	(249, 'Femme', 'Bar ', 'Codina Cervellin', 'ch.Savoie 2 bis ', '1305 Penthalaz', '075 941 091600'),
	(250, 'Homme', 'Bar ', 'Cervellin', 'ch.Savoie 2 bis', '1305 Penthalaz', '075 682 01 00'),
	(251, 'Femme', 'Bar', 'Christine', 'Chemin du Crêt 11', '1083 Mézières', '0787391600'),
	(252, 'Homme', 'Bar', 'Alain', 'Rue de Tivoli 14', '85370 Nalliers, France', '+33 6 50 03 11 00'),
	(253, 'Femme', 'Bar', 'Catherine', 'route de la Belle-Croix 12', '1680 Romont', '+41 72 437 81 00'),
	(254, 'Homme', 'Bar', 'Francis', 'Rue du midi, 43', '1400 Yverdon-les-Bains', '+41 75 868 31 00'),
	(255, 'Femme', 'Bar', 'Maud', 'Rue du midi, 43', '1400 Yverdon-les-Bains', '+41 74 339 31 00'),
	(256, 'Homme', 'Bar', 'Pedro', 'Ch. des Clochetons 4bis', '1004 Lausanne', '0788381500'),
	(257, 'Femme', 'Bar Rodrigues', 'Maria', 'Ch. des Clochetons 4 bis', '1004 Lausanne', '0775611500'),
	(258, 'Homme', 'Bar', 'fabrice', 'chemin de la vuachère,12', '1005 lausanne', '+41  79 822 41 00'),
	(259, 'Femme', 'Bar', 'christine', 'chemin de la vuachère,12', '1005 lausanne', '+41 77 475 31 00'),
	(260, 'Femme', 'Bar', 'Françoise', 'Clos-Derrey 8', '1623 Semsales', '+41 75 776 471700'),
	(261, 'Homme', 'Bar', 'Christian', 'Clos-Derrey 8', '1623 Semsales', '+41 74 677 01 00'),
	(262, 'Femme', 'Bar', 'Sandrine', 'Rue du lac 14', '1462, Yvonand', '+41 75 828 11 00'),
	(263, 'Homme', 'Bar', 'Guy-Daniel ', 'Chemin de la Vy d\'Etra 20', '2022, Bevaix', '+41 75 889 71 00'),
	(264, 'Femme', 'Bar', 'Jelena', 'Chemin de Belle Vue 12 ', '1020,Renens ', '+41735161700'),
	(265, 'Homme', 'Bar', 'Milovan', 'Chemin de Belle Vue 12 ', '1020,Renens ', '+41734031500'),
	(266, 'Homme', 'Bar', 'Gazmen', 'chemin du Salève, 4', '1004', '077.802.81.00'),
	(267, 'Femme', 'Bar ', 'Mimoza', 'chemin du Salève, 4', '1004', '078.955.81.00'),
	(268, 'Femme', 'Bar', 'Nourhan', 'Rue louis de Montfalcon 9', '1227, Carouge', '+41 72 378 81 00'),
	(269, 'Femme', 'Bar', 'Nourhan', 'Rue louis de Montfalcon 9', '1227, Carouge', '+41 72 378 81 00'),
	(270, 'Femme', 'Bar', 'Nourhan', 'Rue louis de Montfalcon 9', '1227, Carouge', '+41 72 378 81 00'),
	(271, 'Femme', 'Bar', 'Gaëlle', 'Chemin du Moulin Martinet 42', '1175 Lavigny', '+41739411200'),
	(272, 'Homme', 'Bar', 'Laurent', 'Allée des Crêts d\'Acier 100', '74160 Archamps', '+41733791000'),
	(273, 'Femme', 'Bar Leston', 'Ana', 'Champ-Soleil 16', '1012 Lausanne', '+41 75 603 31 00'),
	(274, 'Femme', 'Bar Leston', 'Ana', 'Champ-Soleil 16', '1012 Lausanne', '+41 75 603 31 00'),
	(275, 'Femme', 'Bar', 'Chloé', 'Avenue Général-Guisan 14', '1700 Fribourg', '+41 75 821 71 00'),
	(276, 'Homme', 'Bar ', 'Hervé', 'Rue du Châtelard 1', '1269 Bassins', '+41 75 737 21 00'),
	(277, 'Femme', 'Bar', 'Stefania', 'Rue de Lausanne 55', 'CH-1030 Bussigny', '+41 74 563 91 00'),
	(278, 'Homme', 'Bar', 'Frédéric', 'Rue de Lausanne 55', 'CH-1030 Bussigny', '+41 74 120 11 00'),
	(279, 'Femme', 'Bar', 'Samalie', 'Ch. de la Prairie 5c', '1007 Lausanne', '+41 72 244 31 00'),
	(280, 'Homme', 'Bar', 'Massimiliano', 'Vy-Renaud 144', '2126 Les Verrières', '+41 74 788 21 00'),
	(281, 'Femme', 'Bar', 'Dominique', 'Vy-Renaud 144', '2126 Les Verrières ', '+41 74 949 21 00'),
	(282, 'Femme', 'Bar', 'Stefania', 'Rue de Lausanne 55', 'CH-1030 Bussigny', '+41 74 563 91 00'),
	(283, 'Homme', 'Bar', 'Frédéric', 'Rue de Lausanne 55', 'CH-1030 Bussigny', '+41 74 120 11 00'),
	(284, 'Femme', 'Bar', 'Gisèle Furaha', 'Chemin de Malley 12', '1007 Lausanne', '0774711200'),
	(285, 'Homme', 'Bar', 'Anton', 'Route de Genève 64B', '1028, Préverenges', '+41 74 594 11 00'),
	(286, 'Femme', 'Bar', 'Olga', 'Batterie la Maya 1035', '1988, Les Collons', '+41 75 722 01 00'),
	(287, 'Homme', 'Bar', 'Jacques', 'Ch. de Savoie, 34', '1675, Vauderens', '+41 21 909 01 00'),
	(288, 'Femme', 'Bar', 'Nadia', 'Ch. de Savoie, 34', '1675, Vauderens', '+41 21 909 01 00'),
	(289, 'Femme', 'Bar', 'Maria Isabel', 'Route de Chatel-st-Denis 11', '1808', '078 911 91 00'),
	(290, 'Femme', 'Bar Jaouen', 'Laure', 'Ch. du Tyle 6', '1612 Ecoteaux', '+41 75 719 31 00'),
	(291, 'Homme', 'Bar', 'Loïc', 'Ch. du Tyle 6', '1612 Ecoteaux', '+41 72 616 31 00'),
	(292, 'Femme', 'Bar Silva Soares', 'Madalena', 'Chemin du Temple 19', 'Montagny', '078 746 381700'),
	(293, 'Femme', 'Bar', 'Mariangela', 'Corso Saint Martin de Corléans 5 B', '11100 Aoste', '+393285331800'),
	(294, 'Homme', 'Bar', 'Karim', '31 promenade Marie Paradis', '74400 Chamonix', '+33648211700'),
	(295, 'Homme', 'Bar', 'Yves', 'Cornettes 3', '1482 Cugy', '+41 74 503 51 00'),
	(296, 'Femme', 'Bar', 'Stéphanie', 'Cornettes 4', '1482 Cugy', '+41 74 483 01 00'),
	(297, 'Homme', 'Bar', 'Claude', 'Chemin du Saugy 32', '1614, Granges', '+ 79 397 91 00'),
	(298, 'Femme', 'Bar', 'Anne-Claude', 'Chemin du Saugy 32', '1614, Granges', '+41 75 773 91 00'),
	(299, 'Femme', 'Bar', 'Tania', 'Chemin du Brêt 47', '1350 Orbe', '+41 447 41 00'),
	(300, 'Homme', 'Bar', 'Claudio', 'Chemin de Maillefer 112', '1018 Lausanne', '+41 74 622 21 00'),
	(301, 'Homme', 'Bar', 'Veuillet', 'Chemin des Bataillères 2', '1897 Le Bouveret', '024 481 11 00'),
	(302, 'Femme', 'Bar Veuillet', 'Muriel', 'Ch. des Bataillères 2', '1897 Le Bouveret', '077 537 11 00'),
	(303, 'Femme', 'Bar', 'Gaëlle', 'C/o ROSSIER route du Moulin Martinet 2', '1175 Lavigny', '+41739411200'),
	(304, 'Homme', 'Bar', 'Luc', 'Malley, 89', '1007 Lausanne', '0756441800'),
	(305, 'Femme', 'Bar', 'Ardonis', 'Avenue du Grey 2', '1018 Lausanne', '+41 72 414 01 00'),
	(306, 'Homme', 'Bar', 'Avdyl', 'Avenue du Grey 2', '1018 Lausanne', '+41 74 816 01 00'),
	(307, 'Homme', 'Bar', 'Dominique', 'Route de la Glâne 23', '1677 Prez-vers-Siviriez', '026 656 11 00'),
	(308, 'Femme', 'Bar', 'Brigitte', 'Route de la Glâne 23', '1677 Prez-vers-Siviriez', '026 656 11 00'),
	(309, 'Homme', 'Bar', 'Dominique', 'Grand-Rue 56', '1176 St-Livres', '+41 74 820 01 00'),
	(310, 'Femme', 'Bar', 'Agnès', 'Chemin de la Guétaz 4', '1073 Savigny', '+41 74 383 81 00'),
	(311, 'Homme', 'Bar', 'Daniel', 'Rue du Borgeaud 211', '1416, Pailly', '075 397 91 00'),
	(312, 'Femme', 'Bar', 'Chantal', 'Rue du Borgeaud 211', '1416 Pailly', '021 887 61 00'),
	(313, 'Femme', 'Bar', 'Nathalie', 'La Brinaz', '1441, Valeyres-sous-Montagny', '+41 075 280 41 00'),
	(314, 'Homme', 'Bar', 'Lemos', 'Grand-Rue 41', '1260 Nyon', '+41 74 902 51 00'),
	(315, 'Femme', 'Bar Manzila', 'Helena', 'rue cité derrière 18', '1005 Lausanne', '0776061500'),
	(316, 'Homme', 'Bar', 'Armin', 'Chemin du Bon Pirouz 44', '1267 Vich', '075 385 81 00'),
	(317, 'Femme', 'Bar', 'Reicharz', 'Chemin du Bon Pirouz 44', '1267 Vich', '077 432 21 00'),
	(318, 'Homme', 'Bar ', 'Beatriz', 'Rue des Fleurettes 301', '1400, Yverdon-les-Bains', '0754721100'),
	(319, 'Femme', 'Bar', 'Emilia', 'Rue des Fleurettes 301', '1400, Yverdon-les-Bains ', '0772391400'),
	(320, 'Homme', 'Bar', 'William', 'Colomblanc 16', '1748 Torny-le-Grand', '0758181000'),
	(321, 'Femme', 'Bar Bonnefoy', 'Nathalie', 'Colomblanc 16', '1748 Torny-le-Grand', '0788641100'),
	(322, 'Femme', 'Bar Viernes', 'Agnes', 'Chemin des Boracles 17', '10089 Jouxtens-Mézery', '0758601600'),
	(323, 'Homme', 'Bar Deschwanden', 'Patrick', 'Route d\'Assens 24', '1042 Bioley-Orjulaz', '+41 74 947 21 00'),
	(324, 'Femme', 'Bar Deschwanden', 'Nathalie', 'Route d\'Assens 24', '1042 Bioley-Orjulaz', '+41 74 610 91 00'),
	(325, 'Femme', 'Bar', 'Diana', 'Chemin Du Couchant 26', '1052 Le Mont-sur-Lausanne', '075 485 01 00'),
	(326, 'Homme', 'Bar', 'Charles', '/', '73800 Coise-Saint-Jean-Pied-Gauthier', '077 417 11 00'),
	(327, 'Homme', 'Bar', 'Sylvain', 'Route de Morrens 76', '1033 Cheseaux', '075 598 61 00'),
	(328, 'Femme', 'Bar', 'Audrey', 'Rue de la Chapelle 72', '1860 Aigle', '+ 4176 457 91 00'),
	(329, 'Femme', 'Bar', 'Caroline', 'Avenue de la Vogéaz 18', '1110 Morges', '+41 72 523 41 00'),
	(330, 'Femme', 'Bar', 'Caroline', 'Avenue de la Vogéaz 18', '1110 Morges', '+41 72 523 41 00'),
	(331, 'Femme', 'Bar', 'Caroline', 'Avenue de la Vogéaz 18', '1110 Morges', '+41 72 523 41 00'),
	(332, 'Femme', 'Bar', 'Caroline', 'Avenue de la Vogéaz 18', '1110 Morges', '+41 72 523 41 00'),
	(333, 'Femme', 'Bar', 'Emmanuelle', 'Pontaise 72', '1018. Lausanne', '+41 74 428 91 00'),
	(334, 'Homme', 'Bar', 'Fabio', 'Pontaise 72', '1018, Lausanne', '+41 74 417 61 00'),
	(335, 'Femme', 'Bar', 'Caroline', 'Avenue de la Vogéaz 98', '1110 Morges', '+41 72 523 41 00'),
	(336, 'Femme', 'Bar', 'Caroline', 'Avenue de la Vogéaz 98', '1110 Morges', '+41 72 523 41 00'),
	(337, 'Homme', 'Bar', 'Taylor', 'rte du belvédère 42', '1854, Leysin', '0753471800'),
	(338, 'Femme', 'Bar', 'Pereira', 'Chemin du record 11', '1315, La Sarraz', '+41 21 693 00 00'),
	(339, 'Homme', 'Bar', 'Frédéric', 'ch. de la Mésange 29', '1110, Morges', '+41 74 692 91 00'),
	(340, 'Femme', 'Bar', 'Oxana', 'ch. de la Mésange 29', '1110, Morges', '+41 72 583 81 00'),
	(341, 'Homme', 'Bar', 'abdelhamid', 'ch.des Bancels 72', '1004 Lausanne', '075 377 31 00'),
	(342, 'Femme', 'Bar', 'soufia', 'ch. des Bancels 72', '1004 lausanne', '078 636 41 00'),
	(343, 'Femme', 'Bar', 'marine', 'chemin des mémises 24', '1008 Jouxtens-Mezery', '+41733301700'),
	(344, 'Femme', 'Bar', 'mariam', 'chemin des mémises 24', '', '0753601400'),
	(345, 'Homme', 'Faky', 'Antonio', 'Avenue du Temple 75', '1012 Lausanne', '0216531500'),
	(346, 'Femme', 'Faky', 'Véronique', 'Avenue du Temple 75', '1012 Lausanne', '0216531500'),
	(347, 'Femme', 'Faky', 'Ioulia', 'Rue de Malagny 59', '1196, Gland', '+41 74 702 31 00'),
	(348, 'Femme', 'Faky', 'Sonia', 'Avenue de la Gare 18', '1920 Martigny', '+41 72 291 51 00'),
	(349, 'Homme', 'Faky Ribeiro', 'César', 'Avenue de la Gare 18', '1920 Martigny', '+41 72 772 61 00'),
	(350, 'Femme', 'Faky', 'Mariangela', 'rue saint-martin de corléans 29/A Aoste', '11100 Italie', '+39 32 85 33 51 00'),
	(351, 'Homme', 'Faky', 'Karim', '321 promenade marie paradis', '74400', '+33 6 48 21 51 00'),
	(352, 'Femme', 'Faky de Sousa', 'Paula Manuela', 'Rue de la Roselière 45', '1400, Yverdon-les-Bains', '+41 74 269 61 00'),
	(353, 'Homme', 'Faky Francisco', 'Loureiro Ribeiro', 'Rue de la Roselière 45', '1400, Yverdon-les-Bains', '+41 74 826 71 00'),
	(354, 'Femme', 'Faky Cruer', 'Françoise', 'Place du Petit St-Jean 49', '1700 Fribourg', '075 194 81 00'),
	(355, 'Femme', 'Faky', 'Anne-Christine', 'Route de Delley 12', '1566 Saint-Aubin', '+41 74 499 31 00'),
	(356, 'Homme', 'Faky', 'Stefan', 'Route de Delley 12', '1566 Saint-Aubin', '+41 75 879 71 00'),
	(357, 'Homme', 'Faky', 'Sébastien', 'Derrière le château 7', '1033, Cheseaux-sur-Lausanne', '+41 72 556 81 00'),
	(358, 'Femme', 'Faky Castillo de la Cruz', 'Maribel', 'Derrière le château 7', '1033,Cheseaux-sur-Lausanne', '+41 72 400 71 00'),
	(359, 'Femme', 'Faky', 'Houda', 'chemin des clochetons 35 ', '1004 lausanne', '0773461000'),
	(360, 'Femme', 'Faky', 'Houda', 'chemin des clochetons 35 ', '1004 lausanne', '0773461000'),
	(361, 'Femme', 'Faky Blume', 'Elke', 'Ch du Mont-Blanc 71', '1134', '0756881200'),
	(362, 'Homme', 'Faky', 'Matthias', 'Rue de Lausanne 12', '1110', '0777231900'),
	(363, 'Homme', 'Faky', 'Nacer', 'Route de presinge 24', '1241', '0752951200'),
	(364, 'Homme', 'Faky', 'Michel', 'Chemin Magnins 24', '1261, Longirod', '+41 74 301 31 00'),
	(365, 'Femme', 'Faky', 'Ventura', 'Chemins Magnins 24', '1261, Longirod', '+41 74 370 71 00'),
	(366, 'Femme', 'Faky', 'Demet', 'Route de cugy 28 ', '1052, le Mont-sur-Lausanne', '+41 74 896 391300'),
	(367, 'Homme', 'Faky', 'Burhan ', 'route de cugy 28', '1052, Le Mont-sur-lausanne ', '+41 74 445 51 00'),
	(368, 'Homme', 'Faky', 'Boris', 'Rue du Borgeaud 132', '1196 Gland', '+41 75 773 61 00'),
	(369, 'Femme', 'Faky', 'Monique', 'Rue du Borgeaud 132', '1196 Gland', '+41 75 883 61 00'),
	(370, 'Femme', 'Faky-Ortiz', 'Maria', 'Route de Cossonay 252', '1020, Renens', '+41 74 871 61 00'),
	(371, 'Homme', 'Faky Callejon', 'Gonzalo Jesus', 'Route de Cossonay 252', '1020, Renens', '+41 74 782 01 00'),
	(372, 'Femme', 'Faky', 'Geneviève', '15 rue de Bellecombe', 'F-74930, Reignier', '+33 6 73 89 11 00'),
	(373, 'Homme', 'Faky', 'Dominique', '15 rue de Bellecombe', 'F-74930, Reignier', '+33 6 77 46 01 00'),
	(374, 'Homme', 'Faky', 'Anh-Tien', 'Rue du Mail, 18', '74160 Saint Julien en Genevois', '+33 6 60 51 91 00'),
	(375, 'Femme', 'Faky-Ortiz', 'Maria', 'Route de Cossonay 252', '1020 Renens', '+41 74 871 61 00'),
	(376, 'Homme', 'Faky', 'Gonzalo Jesus', 'Route de Cossonay 252', '1020 Renens', '+41 74 782 01 00'),
	(377, 'Femme', 'Faky', 'Nadia', 'Chemin du pâqueret 93', '1464 Chavannes-le-Chêne', '+41788451000'),
	(378, 'Homme', 'Faky', 'Michael', 'chemin du pâqueret 93', '1464 Chavannes-le-Chêne ', '+41786881900'),
	(379, 'Homme', 'Faky', 'Swen', 'En Contramont 16', '1354 Montcherand', '+41 74 383 91 00'),
	(380, 'Femme', 'Faky Schneider ', 'Eirini', 'En Contramont 16', '1354 Montcherand', '+41 74 445 11 00'),
	(381, 'Homme', 'Faky', 'Raphael', 'Rue de la Robella 19', '2114 Fleurier', '+41 74 303 81 00'),
	(382, 'Femme', 'Faky', 'Stéphanie', 'Rue de la Robella 19', '2114 Fleurier', '+41 74 417 61 00'),
	(383, 'Homme', 'Faky', 'Ganesalingam', 'Chemin de flroéal 31', '1350 Orbe ', '075/400.41.00'),
	(384, 'Femme', 'Faky', 'Chandravathani', 'Chemin de flroéal 31', '1350 Orbe ', '024/441.31.00'),
	(385, 'Homme', 'Faky', 'Ganesalingam', 'Chemin de flroéal 31', '1350 Orbe ', '075/400.41.00'),
	(386, 'Femme', 'Faky', 'Chandravathani', 'Chemin de flroéal 31', '1350 Orbe ', '024/441.31.00'),
	(387, 'Femme', 'Faky', 'Maude', 'Route du Crage 12', '1617 Remaufens', '+41 72 544 31 00'),
	(388, 'Homme', 'Faky', 'Francisco', 'Route Villageoise 67', '1617 Remaufens', '+41 74 550 11 00'),
	(389, 'Femme', 'Faky de Sousa', 'Paula Manuela', 'Rue de la Roselière 62', '1400, Yverdon-les-Bains', '+41 74 269 61 00'),
	(390, 'Homme', 'Faky Ribeiro', 'Antonio Francisco', 'Rue de la Roselière 62', '1400, Yverdon-les-Bains', '+41 74 826 71 00'),
	(391, 'Homme', 'Faky', 'Frédéric', 'La Léchère 31', '1628 Vuadens', '+41 74 736 61 00'),
	(392, 'Femme', 'Faky', 'Lise-Marie', 'La Léchère 31', '1628 Vuadens', '+41 74 247 01 00'),
	(393, 'Femme', 'Faky Leshaf', 'Khalida', 'Avenue de la Vignette 4', '1522, Lucens', '+41 72 744 31 00'),
	(394, 'Homme', 'Faky', 'Menouar', 'Avenue de la Vignette 4', '1522, Lucens', '+41 75 789 61 00'),
	(395, 'Homme', 'Faky Silva Soares', 'António Plácido', 'Rue du Cheminet 18', '1400 Yverdon-les-Bains', '078 912 61 00'),
	(396, 'Femme', 'Faky Sousa Colaço', 'Lucinda Susana', 'Rue du Cheminet 18', '1400 Yverdon-les-Bains', '078 262 91 00'),
	(397, 'Femme', 'Faky', 'Christel', 'Route des Soufflettes 2', '1297 Founex', '+41733191900'),
	(398, 'Homme', 'Faky', 'Stéphan', 'Route des Soufflettes 2', '1297 Founex', '+41735421400'),
	(399, 'Femme', 'Faky', 'Cynthia', 'Avenue de la Poste, 18', '1020 Renens', '078.754.81.00'),
	(400, 'Homme', 'Faky', 'Nuno', 'Avenue de la Poste, 18', '11', '075.477.51.00'),
	(401, 'Femme', 'Faky', 'Sonia', 'Ch de la Donnaz 106', '1802 Corseaux', '+41 74 271 41 00'),
	(402, 'Homme', 'Faky', 'Thierry', 'Ch de la Donnaz 106', '1802 Corseaux', '+41 74 916 21 00'),
	(403, 'Femme', 'Faky de Sousa', 'Paula Manuela', 'Rue de la Roselière 16', '1400, Yverdon-les-Bains', '+41 74 269 661400'),
	(404, 'Homme', 'Faky Ribeiro', 'Antonio Francisco', 'Rue de la Roselière 16', '1400, Yverdon-les-Bains', '+41 74 826 71 00'),
	(405, 'Femme', 'Faky', 'Zumreta', 'Chemin de la Cure 61', '1008 Prilly', '+41 75 690 1700'),
	(406, 'Homme', 'Faky', 'Ismet', 'Chemin de la Cure 61', '1008 Prilly', '+41 74 262 1200'),
	(407, 'Femme', 'Faky', 'Maude', 'Route du Crage 62', '1617 Remaufens', '+41775441600'),
	(408, 'Homme', 'Faky', 'Francisco', 'Route Villageoise 527', '1617 Remaufens', '+41735501700'),
	(409, 'Femme', 'Faky', 'Christel', 'Route des Soufflettes 16', '1297 Founex', '+41733191900'),
	(410, 'Homme', 'Faky', 'Stéphan', 'Route des Soufflettes 16', '1297 Founex', '+41735421400'),
	(413, 'Femme', 'Faky Leshaf', 'Khalida', 'Avenue de la Vignette12', '1522 Lucens', '+41 72 744 31 00'),
	(414, 'Homme', 'Faky', 'Menouar', 'Avenue de la Vignette 12', '1522, Lucens', '+41 75 789 61 00'),
	(415, 'Femme', 'Faky-Ortiz', 'Maria', 'Route de Cossonay 122', '1020 Renens', '+41738711400'),
	(416, 'Homme', 'Faky', 'Gonzalo', 'Route de Cossonay 122', '1020 Renens', '+41737821400'),
	(417, 'Femme', 'Faky', 'Mandy', 'fontaine 61', '1040 Echallens', '075 739 31 00'),
	(418, 'Homme', 'Faky', 'Marc', 'fontaine 61', '1040 Echallens', '+41 000 00 00'),
	(419, 'Femme', 'Faky', 'Véronique', 'Les Charmilles 30', '1623 Semsales', '+41734041900'),
	(420, 'Homme', 'Faky Silva Borges', 'Joaquim', 'Ch. du Ruisselet 33', '1009, Pully', '+41 75 749 91 00'),
	(421, 'Femme', 'Faky Silva Borges', 'Pascale', 'Ch. du Ruisselet 33', '1009, Pully', '+41 75 715 91 00'),
	(422, 'Homme', 'Faky', 'Michael', 'A Vesin 148', '1483 Vesin', '+41 74 582 41 00'),
	(423, 'Femme', 'Faky Currat', 'Jeanne', 'A Vesin 148', '1483 Vesin', '+41 74 712 41 00'),
	(424, 'Homme', 'Faky', 'Constantin', 'Avenue de Valmont 6', '1010 Lausanne', '077 615 01 00'),
	(425, 'Femme', 'Faky Paul', 'Maria Magdalena ', 'Avenue de Valmont 6', '1010 Lausanne', '+41 75 964 81 00'),
	(426, 'Femme', 'Faky Kivuila ', 'Marielle ', 'Chemin Sous-Roche 13', '1052 Le Mont-sur-Lausanne ', '+41 75 662 11 00'),
	(427, 'Homme', 'Faky ', 'Lakasi Jean-Claude', 'Route de Lausanne 26', '1052 Le Mont-sur-Lausanne', '+41 74 501 01 00'),
	(428, 'Femme', 'Faky', 'Monica', 'Chemin des Alpes 16', '1418 Vuarrens', '041 79 538 41 00'),
	(429, 'Homme', 'Faky', 'Enrico', 'Chemin de l\'Orio', '1032 Romanel sur Lausanne', '041 78 972 11 00'),
	(430, 'Femme', 'Faky', 'Evlinda', 'Isabelle-De-Montolieu 129', '1010', '078 832 61 00'),
	(431, 'Homme', 'Faky', 'Faton', 'Isabelle-De-Montolieu 129', '1010', '075 395 01 00'),
	(432, 'Femme', 'Faky', 'Gaelle', 'Rte du Moulin Martinet 22', '1175 Lavigny', '+41 799411200'),
	(433, 'Homme', 'Faky ', 'Hamid ', 'Boveresses 35', '1010 Lausanne ', '075 947 01 00'),
	(434, 'Femme', 'Faky ', 'Saliha ', 'Boveresses 35', '1010 Lausanne ', '075 947 51 00'),
	(435, 'Homme', 'Faky', 'Wilfried', 'Chemin Gaudenies 4', '1267 Vich', '+41 74 523 21 00'),
	(436, 'Femme', 'Faky', 'Clothilde', 'Chemin Gaudenies 4', '1267 Vich', '+41 75 661 81 00'),
	(437, 'Homme', 'Faky', 'Philippe', 'Chemin des Erables 27', '1860 Aigle ', '075/541.01.00'),
	(438, 'Femme', 'Faky', 'Georgette', 'Chemin des Erables 27 ', '1860 Aigle ', '075/711.91.00'),
	(439, 'Homme', 'Faky', 'Ilasah', 'avenue victor-ruffy 19', '1012 Lausanne', '+41736851300'),
	(440, 'Femme', 'Faky', 'Zejnije', 'avenue victor-ruffy 19', '1012 Lausanne', '+41736851300'),
	(441, 'Homme', 'Faky', 'Stefan', 'En Bouley 62', '1680, Romont', '+41738361200'),
	(442, 'Homme', 'Faky', 'Zudi', 'Avenue de Cour 10', '1007, Lausanne', '+41 74 646 01 00'),
	(443, 'Homme', 'Faky', 'Mikereme', 'Avenue de Cour 10', '1007, Lausanne', '+41 72 202 21 00'),
	(444, 'Homme', 'Faky', 'Celal', 'Av. du Galicien 57 ', '1008 Prilly ', '075 506 11 00'),
	(445, 'Femme', 'Faky', 'Semiha', 'Av. du Galicien 57', '1008 Prilly', '075 794 91 00'),
	(446, 'Homme', 'Faky', 'Celal', 'Av. du Galicien 57 ', '1008 Prilly ', '075 506 11 00'),
	(447, 'Femme', 'Faky', 'Semiha', 'Av. du Galicien 57', '1008 Prilly', '075 794 91 00'),
	(448, 'Homme', 'Faky', 'Celal', 'Avenue du Galicien 57', '1008 Prilly ', '075.506.11.00'),
	(449, 'Femme', 'Faky', 'Semiha', 'Avenue du Galicien 57', '1008 Prilly', '075.794.91.00'),
	(450, 'Femme', 'Faky', 'Stefania', 'Rue de Lausanne 15', '1030 Bussigny', '075 563 91 00'),
	(451, 'Homme', 'Faky', 'Frédéric', 'Rue de Lausanne 15', '1030 Bussigny', '075 120 11 00'),
	(452, 'Femme', 'Faky ', 'Stefania', 'Rue de Lausanne 15', '1030 Bussigny', '075 563 91 00'),
	(453, 'Homme', 'Faky', 'Frédéric', 'Rue de Lausanne 15', '1030 Bussigny', '075 120 11 00'),
	(454, 'Homme', 'Faky', 'Laurent', 'chemin de la croisette 159c', '1260 Nyon', '+41735621800'),
	(455, 'Femme', 'Faky', 'Nathalie', 'chemin de la Croisette 159c', '1260 Nyon', '+41788321000'),
	(456, 'Homme', 'Faky Pinto', 'Antonio', 'Route de Burtigny 12', '1269, Bassins', '+41 75 740 11 00'),
	(457, 'Femme', 'Faky Oliveira Silva', 'Georgina', 'Route de Burtigny 12', '1269, Bassins', '+41 75 781 81 00'),
	(458, 'Homme', 'Faky', 'Guillaume', 'Route de Begnins 31B', '1196', '+41 74 484 21 00'),
	(459, 'Femme', 'Faky', 'Mpako', 'Route de Begnins 31B', '1196', '+41 74 911 41 00'),
	(460, 'Femme', 'Faky', 'Andrea', 'En Crochet 14', '1143 Apples', '+41 72 547 31 00'),
	(461, 'Homme', 'Faky', 'Thierry', 'En Crochet 14', '1143 Apples', '+41 74 610 891400'),
	(462, 'Femme', 'Faky', 'Andrea', 'En Crochet 14', '1143 Apples', '+41 72 547 31 00'),
	(463, 'Homme', 'Faky', 'Thierry', 'En Crochet 14', '1143 Apples', '+41 74 610 81 00'),
	(464, 'Homme', 'Faky ', 'Jessen', 'Rue des terreaux 12', '1350 Orbe', '077 241 61 00'),
	(465, 'Femme', 'Faky ', 'Cristina', 'Rue des terreaux 12 ', '1350 Orbe ', '077 408 61 00');
/*!40000 ALTER TABLE `responsible` ENABLE KEYS */;

DELETE FROM `scolarity`;
/*!40000 ALTER TABLE `scolarity` DISABLE KEYS */;
INSERT INTO `scolarity` (`scolarity_id`, `scolarity_school`, `scolarity_location`, `scolarity_level`, `scolarity_years`, `fk_applicant_id`) VALUES
	(1071, 'Ecole catholique du Valentin', 'Lausanne', 'VSG 2', '2016 / 2017', 472),
	(1072, 'Jeuncomm', 'Lausanne', 'Préparation à l\'apprentissage', '2018 / 2019', 472),
	(1073, 'EPCL', 'Lausanne', 'Voie Base', '2018 / 2020', 472),
	(1104, 'Pépinières', 'Renens', '1-6 Harmos', '2008-2014', 483),
	(1105, 'Verdeaux', 'Renens', '7-8 Harmos', '2014-2016', 483),
	(1106, 'Leman', 'Renens', '9-11 Harmos', '2016-2020', 483),
	(1107, 'Gymnase ', 'Burier', 'maturité', '2014-2017', 484),
	(1108, 'Collège', 'Montreux-Est', 'VSB', '2010-2014', 484),
	(1109, 'Chavannes-le-Chêne  ', 'Chavannes-le-chêne', 'enfantine  ', '2010-2013', 485),
	(1110, 'En Brit ', 'Yvonand ', 'primaire- Secondaire niv2', '2013-2020', 485),
	(1111, 'Université jean-monnet', 'Saint-Etienne', 'terminale S ', '2019', 486),
	(1112, 'faculte des sciences', 'Saint-Etienne', 'L1', '2020', 486),
	(1113, 'Primaire', 'Orbe', '--', '2010-2018', 487),
	(1114, 'Secondaire', 'Orbe', 'VP (Math-Physique)', '2018-2021', 487),
	(1115, 'JJR Val-de-Travers', 'Fleurier', '1', '1-8', 488),
	(1116, 'JJR Val-de-Travers', 'Fleurier', '1', '9-11', 488),
	(1117, 'CFA', 'Courcelles-sur-Vesle', 'CAP', '2006-2008', 489),
	(1118, 'Collège', 'Château-Thierry', 'Brevet de collèges', '2002-2006', 489),
	(1119, 'Grand-Pont', 'Orbe ', '1P - 4P', '2007-2012', 490),
	(1120, 'Collège de Arnex', 'Arnex', '5P - 6P', '2012-2014', 490),
	(1121, 'Chantemerle ', 'Orbe ', '7P -8P', '2014-2016', 490),
	(1122, 'Montchoisis ', 'Orbe ', '9S - 11S', '2016-2019', 490),
	(1123, 'Gymnase de Yverdon', 'Yverdon ', 'Culture Générale', '2019-2020', 490),
	(1124, 'Grand-Pont', 'Orbe ', '1P - 4P', '2007-2012', 491),
	(1125, 'Collège de Arnex', 'Arnex', '5P - 6P', '2012-2014', 491),
	(1126, 'Chantemerle ', 'Orbe ', '7P -8P', '2014-2016', 491),
	(1127, 'Montchoisis ', 'Orbe ', '9S - 11S', '2016-2019', 491),
	(1128, 'Gymnase de Yverdon', 'Yverdon ', 'Culture Générale', '2019-2020', 491),
	(1129, 'Co Veveyse', 'Châtel-St-Denis', 'Général', '11éme Harmos', 492),
	(1130, 'Ecole Primaire', 'Remaufens', 'primaire', '2H à 8h', 492),
	(1131, 'Collège Privé St François', 'Douvaine France', 'Brevet', '2013-2017', 493),
	(1132, 'Lycée Privé St Joseph', 'Thonon-les-Bains France', 'baccalauréat scientifique', '2017-2020', 493),
	(1133, 'ESC UNIL', 'Lausanne', 'semestre 1', '2020', 493),
	(1134, 'Cpnv', 'Yverdon-les-Bains', 'Voie E', '2019-2020', 494),
	(1135, 'EdT', 'Yverdon-les-Bains', 'post-obligatoire', '2018-2019', 494),
	(1136, 'Léon-Michaud', 'Yverdon-les-Bains', '2-1-1', '2015-2018', 494),
	(1137, 'Léon-Michaud', 'Yverdon-les-Bains', 'primaire', '2013-2015', 494),
	(1138, 'Près du lac', 'Yverdon-les-Bains', 'primaire', '2007-2013', 494),
	(1139, 'universite de Gabes', 'Tunisie', 'maitrise', '2005-2009', 495),
	(1140, 'lycee 2 mars 1934', 'sidi bouzid Tunisie', 'bacalaureat science experimentale', '1997-2002', 495),
	(1141, 'Ecole obligatoire', 'Cheyres', 'Prégymnasial', '2007-2016', 496),
	(1142, 'Gymnase intercantonal', 'Payerne', 'Maturité', '2016-2021', 496),
	(1143, 'pré-au-moine', 'cossonay', 'VP', '2013-2016', 497),
	(1144, 'Gymnase de Beaulieu', 'Lausanne', 'Maturité', '2016-2020', 497),
	(1145, 'UNIL', 'Lausanne', 'bachelore', '2020-2021', 497),
	(1146, 'primaire', 'Vuadens', '-', '2010-2018', 498),
	(1147, 'secondaire', 'Bulle', 'Général', '2018-2021', 498),
	(1148, 'Lycée Denis-de-Rougemont', 'Neuchâtel', 'biologie-chimie', '2017 - 2021', 499),
	(1149, 'Cescole', 'Colombier', 'secondaire (section Maturité)', '2013-2017', 499),
	(1150, 'Collège des Vernes', 'Colombier', 'primaire', '2008-2013', 499),
	(1151, 'Etablissement primaire de Moudon, Lucens et environs', 'Lucens', 'primaire(1h-8H)', '2010-2018', 500),
	(1152, 'Etablissement secondaire de Moudon, Lucens et environs', 'Moudon', 'secondaire(9H-11H)', '2018-2021', 500),
	(1153, 'Établissement secondaire d’Yverdon-les-Bains - de Felice', 'Yverdon-les-Bains', 'Français:1 Allemand:2 Math:1', '10éme ', 501),
	(1154, 'Établissement secondaire d’Yverdon-les-Bains - de Felice', 'Yverdon-les-Bains', 'Français:1 Allemand:2 Math: 1', '11éme', 501),
	(1155, 'Centre de formation professionnelle', 'Sion', 'CFC', '2000-2002', 502),
	(1156, 'Centre de formation professionnelle', 'Sion', 'CFC', '2004-2007', 502),
	(1157, 'Collège de Marcolet', 'Crissier', 'Voie prégymnasiale', '2018-2019', 503),
	(1158, 'Gymnase de Renens', 'Renens', 'Maturité', '2019-2021', 503),
	(1161, 'Secondaire de Coppet Terre Sainte', 'Coppet', '9 à 11', '2018-2021', 505),
	(1162, 'Primaire de Terre Sainte', 'Coppet', '7 à 8', '2016-2018', 505),
	(1163, 'Primaire de Terre Sainte', 'Founex', '3 à 6', '2012-2016', 505),
	(1164, 'Primaire Elisabeth de Porte', 'Crassier', '1 à 2', '2010-2012', 505),
	(1165, 'Lycée technique ', 'Sfax-Tunisie', 'Baccalauréat ', 'de 2002 a 2006', 506),
	(1166, 'école secondaire cité Ennour', 'Sfax', 'la neuvième ', 'de 1999 a 2001', 506),
	(1175, 'EPASC', 'Châteauneuf', 'CFC', '2016-2019', 509),
	(1176, 'Colegio Sagrado Corazon', 'Mislata (Espagne)', 'Bachillerato en Ciencias y Tecnologia', '2012-2014', 509),
	(1177, 'Léman', 'Renens', '11VG', '2020-2021', 510),
	(1178, 'Léman', 'Renens', '10VG', '2019-2020', 510),
	(1179, 'Ecole secondaire', 'Echallens', '2/2/2', '2017', 511),
	(1180, 'Gymnase', 'Lausanne', 'culture G', '2020', 511),
	(1181, 'Università della Svizzera Italiana', 'Lugano, Ticino, Switzerland', 'Master of Science', '2017-2020', 512),
	(1182, 'Shahrood University of Technology', 'Shahrood, Iran', 'Bachelor of Science', '2009-2014', 512),
	(1183, 'Ecole primaire', 'Corseaux', 'primaire', '2010-2018', 513),
	(1184, 'Ecole secondaire', 'Corsier', 'VP', '2018-2021', 513),
	(1185, 'EPCL', 'Lausanne', 'Apprentissage', 'De 2016 à 2020', 514),
	(1186, 'Bergières', 'Lausanne', 'Scolarité obligatoire', 'De 2013 à 2014', 514),
	(1187, 'Cpnv', 'Yverdon-les-Bains', 'Voie élargie', '2019-2020', 515),
	(1188, 'EdT', 'Yverdon-les-Bains', '-', '2018-2019', 515),
	(1189, 'Léon-Michaud', 'Yverdon-les-Bains', 'VG: 2,1,1', '2015-2018', 515),
	(1190, 'Léon-Michaud', 'Yverdon-les-Bains', '', '2013-2015', 515),
	(1191, 'Prés-du-Lac', 'Yverdon-les-Bains', '', '2007-2013', 515),
	(1192, 'EPS Prilly', 'Prilly', 'VP', '2016-2021', 516),
	(1193, 'Ecole Primaire Prilly', 'Prilly', '-', '2010-2016', 516),
	(1194, 'Ecole de maturité', 'Burier', 'maturité', '2014-2017', 517),
	(1195, 'Collège de Montreux-Est', 'Montreux-Est', 'VSB', '2010-2014', 517),
	(1196, 'Co Veveyse', 'Châtel-St-Denis', 'Général', 'de 9H à 11H', 518),
	(1197, 'Ecole Primaire deRemaufens', 'Remaufens', '-', 'de 2H à 8H', 518),
	(1198, 'Ecole Primaire d\'Attalens', 'Attalens', '-', 'de 1H à 2H', 518),
	(1199, 'Secondaire de Coppet Terre Sainte', 'Coppet', '9 à 11', '2018-2021', 519),
	(1200, 'Primaire de Terre Sainte', 'Coppet', '7 à 8', '2016-2018', 519),
	(1201, 'Primaire de Terre Sainte', 'Founex', '3 à 6', '2012-2016', 519),
	(1202, 'Primaire Elisabeth de Porte', 'Crassier', '1 à 2', '2010-2012', 519),
	(1205, 'Etablissement primaire de Moudon, Lucens et environs', 'Lucens', '1H-8H (primaire)', '2010-2018', 521),
	(1206, 'Etablissement secondaire de Moudon, Lucens et environs', 'Moudon', '9H-11H (secondaire)', '2018-2021', 521),
	(1207, 'Pépinières', 'Renens', '1-6 Harmos', '2008-2014', 522),
	(1208, 'Verdeaux', 'Renens', '7-8 Harmos', '2014-2016', 522),
	(1209, 'Leman', 'Renens', '9-11 Harmos', '2016-2020', 522),
	(1210, 'Trois sapins', '1040 Echallens', '2, 1 et 1', '9 à 11', 523),
	(1211, 'Trois sapins', 'Echallens', 'VG', '10', 523),
	(1212, 'primaire', 'Lausanne ', 'primaire', '2006-2012', 524),
	(1213, 'secondaire ', 'Lausanne', 'VSO', '2012-2015', 524),
	(1214, 'secondaire', 'Lausanne', '1-1-2', '2016-2017', 524),
	(1215, 'RAC', 'Lausanne', '2-2-2', '2016-2017', 524),
	(1216, 'Muslim ladies college', 'colombo', 'odinary level', '2005-2015', 525),
	(1217, 'Muslim ladies college', 'colombo', 'Advanced level', '2016-2017', 525),
	(1218, 'école primaire', 'Semsales', '1H à 8H', '2011 à 2018', 526),
	(1219, 'Cycle d\'orientation de la veveyse', 'Châtel-St-Denis', '9H à 11H - EB', '2018 à 2021', 526),
	(1220, 'Vinet', 'Lausanne', '10 + 11 VG2', '2019-2021', 527),
	(1221, 'Arrnold Reymond', 'Pully', '9 VG1', '2018-2019', 527),
	(1222, 'Annexe Ouest', 'Pully', 'primaire', '2010-2018', 527),
	(1223, 'Cycle d\'Orientation de la Broye', 'Estavayer-le-Lac', 'Prégymnasiale', '2018-2021', 528),
	(1224, 'Ecole primaire', 'Cugy', 'Primaire', '2010-2018', 528),
	(1225, 'Lycée van gogh', 'Ermont (France)', 'Baccalauréat ( maturité )', 'de 2005 à 2008', 529),
	(1226, 'IFSI Camille Claudel', 'Argenteuil (France)', 'Licence (Bachelor)', 'de 2009 à 2012', 529),
	(1227, 'Université Paris 13', 'Villetaneuse (France)', 'Master', 'de 2014 à 2016', 529),
	(1228, 'CPNV', 'Yverdon-les-Bains', 'Attestation de stage valide HEIG-VD', '2018-arrêtée en cours d\'année', 530),
	(1229, 'Gymnase', 'Yverdon-les-Bains', 'Maturité gymnasiale', '2013-2018', 530),
	(1230, 'Léon-Michaud', 'Yverdon-les-Bains', 'Certificats d\'études secondaires VSB', '2010-2013', 530),
	(1231, 'École secondaire de Grand-Vennes', 'Lausanne', '1/1/2', '2016-2017', 531),
	(1232, 'École secondaire de Grand-Vennes', 'Lausanne', '1/1/1', '2017-2018', 531),
	(1233, 'École secondaire de Grand-Vennes', 'Lausanne', '1/1/1', '2018-2019', 531),
	(1234, 'École secondaire de Grand-Vennes', 'Lausanne', '1/1/2', '2019-2020', 531),
	(1235, 'Collège de Cétalaison', 'Le Mont-surLausanne', 'Primaire', '2010-2018', 532),
	(1236, 'Collège du Mottier ', 'Le Mont-sur-Lausanne', 'VP', '2018-2021', 532),
	(1237, 'Gymnase', 'Yverdon', '1ère année', '2020 à 2021', 533),
	(1238, '7 Fontaines', 'Bercher', 'VG2', '2013 à 2020', 533),
	(1239, 'Primaire', 'Etagnières', 'Primaire', '2012 à 2013', 533),
	(1240, 'Maternelle', 'Bioley-Orjulaz', 'Maternelle', '2010 - 2012', 533),
	(1241, 'Collège de boissonnet', 'Lausanne', '1-6P', '2009-2015', 534),
	(1242, 'Collège de Grand Vennes', 'Lausanne', 'VG', '2016-2020', 534),
	(1243, 'Ecole secondaire', 'Saint-Julien-en-Genevois', '6ème', '2015-2016', 535),
	(1244, 'Cycle d\'orientation', 'Drize / Carouge', 'R2', '2016-2020', 535),
	(1245, 'Primaire ', 'Coteau-Fleuri', 'VG', '2006-2016', 536),
	(1246, 'Secondaire ', 'Isabelle-de-Montolieu', 'VG 1 et 2 ', '2017-2020', 536),
	(1247, 'Collège de l\'Esplanade', 'Begnins', 'VG11', '2020-2021', 537),
	(1248, 'Collège de l\'Esplanade', 'Begnins', 'VG10', '2019-2020', 537),
	(1249, 'Obligatoire ', 'Aigle', '2 Mathématique', '2019-2020', 538),
	(1250, 'Obligatoire ', 'Aigle', '2 Mathématique (Passage semestre)', '2018-2019', 538),
	(1251, 'Reconnaissance Croix-Rouge', 'Berne', 'Technicienne en salle d\'opération ES', '2010', 539),
	(1252, 'Collège universitaire d\'infirmerie', 'Caracas', 'Infirmière', '1999-2005', 539),
	(1253, 'college de Chailly ', '1012', 'Lausanne', '2011-2016', 540),
	(1254, 'Bethusy', '1006', 'Lausanne', '2016-2021', 540),
	(1255, 'C.O. Glâne', 'Romont', 'Général', '2017-2020', 541),
	(1256, 'Ecole primaire', 'Romont', 'NA', '2012-2017', 541),
	(1257, 'Ecole de la Transition', 'Lausanne', 'P1', 'de 2020 - à 2021', 542),
	(1258, 'Collège du Belvédère', 'Lausanne', 'VG 2 - 2 - 1', 'de 2017 - à 2020', 542),
	(1259, 'Collège du Léman ', 'Renens', 'Voie prégymnasiale ', '2006-2018 ', 543),
	(1260, 'Gymnase de Beaulieu ', 'Lausanne ', 'Culture générale ', '2018-2020', 543),
	(1261, 'jean-Jacques Rousseau ', 'fleurier', '11eme ', '2017-2018', 544),
	(1262, 'CIFOM', 'chaux de fond ', 'CFC électroplaste', '2018/2019', 544),
	(1263, 'centre de formation a distance ', 'Belgique', 'diplôme de base chimie ', '2019-2020', 544),
	(1264, 'Ecole secondaire du Chenit', 'Vallée de Joux', 'Pré gymnasial', 'de 1989 à 1993', 545),
	(1265, 'CESSNOV', 'Yverdon les Bains', 'Diplôme de commerce', 'de 1994 à 1997', 545),
	(1266, 'Ecole d\'assistantes médicales', 'Genève', 'CFC', 'de 2000 à 2002', 545),
	(1267, 'Cégep ', 'Saint-Jérôme, Qc, Canada', 'DEC infirmière', 'de 2004 à 2007', 545),
	(1268, 'Université du Québec en Outaouais', 'Saint-Jérôme, Qc, Canada', 'Bachelor en sciences infirmières', 'de 2008 à 2011', 545),
	(1271, 'EPS Prilly', 'Prilly', '2-2-1', '2009-2020', 547),
	(1272, 'EPS Prilly', 'Prilly', '2-2-2', '2020-2021', 547),
	(1273, 'Eps Prilly', 'Prilly', '2-2-1', '2009-2020', 548),
	(1274, 'Eps Prilly', 'Prilly', '2-2-2', '2020-2021', 548),
	(1275, 'Primaire', 'Bussigny', 'Primaire', '2008-2014', 549),
	(1276, 'Secondaire ', 'Bussigny', 'VG2', '2014-2019', 549),
	(1277, 'Gymnase', 'Renens', 'Commerce', 'dès 2019', 549),
	(1278, 'Primaire', 'Bussigny', 'Primaire', '1008-2014', 550),
	(1279, 'Secondaire', 'Bussigny', 'Secondaire', '2014-2019', 550),
	(1280, 'Gymnase', 'Renens', 'Commerce', 'dès 2019', 550),
	(1281, 'ETML', 'Lausanne', 'CFC', '2018-2022', 551),
	(1282, 'Novaschool', 'Malaga', 'Obligatoire + Gymnase', '2000-2014', 551),
	(1283, 'Ecole du Centre-Ville de Nyon', 'Nyon', 'Ecole primaire', '2011-2018', 552),
	(1284, 'Ecole secondaire de Nyon', 'Nyon', 'Voie prégymnasiale, maths-physique', '2018-2021', 552),
	(1285, 'Coaching +, OSEO Vaud', 'Lausanne', 'Mesure de transition', '2020-2021', 553),
	(1286, 'Lémania', 'Lausanne', 'Raccordement VP', '2019-2020', 553),
	(1287, 'CNED', 'Lucens', '10-11e Harmos', '2017-2019', 553),
	(1288, 'EPS', 'Moudon', '9e Harmos', '2016-2017', 553),
	(1289, 'EPS', 'Lucens', 'Primaire 4-8P Harmos', '2012-2016', 553),
	(1290, 'Ecole au Portugal', 'Begnins', '1', '2009-2017', 554),
	(1291, 'Begnins esplanade', 'Begnins', '1', '2017-2020', 554),
	(1292, 'Ecole de Béthusy', 'Lausanne (Béthusy)', 'VSG', '2007-2010', 555),
	(1293, 'EIA Ecole d\'ingénierie appliquée', 'Lausanne ', 'Technicien en électronique', '2010-2016', 555),
	(1294, 'Ecole des Arches', 'Lausanne', '1ère année CFC', '2020 à ce jour', 555),
	(1295, 'Etablissement primaire et secondaire de Préverenges', 'Echandens', 'Primaire', '2002 - 2005', 556),
	(1296, 'Etablissement primaire et secondaire de Préverenges', 'Lonay', 'Primaire', '2005 - 2007', 556),
	(1297, 'Etablissement secondaire Beausobre', 'Morges', 'Secondaire 1', '2007 - 2010', 556),
	(1298, 'École primaire de Gland', 'Gland', '1ère-8e', '2010-2018', 557),
	(1299, 'African American Academy', 'Ouagadougou', '9e-10e', '2018-2020', 557),
	(1300, 'Etablissement secondaire de Grand Champ ', 'Gland', '11e', '2020-', 557),
	(1301, 'Etablissement Apples-Bière', 'Apples', 'VG II', '2007-2016', 558),
	(1302, 'Ecole Catholique du Valentin', 'Lausanne', 'Secondaire', '2016-2017', 558),
	(1303, 'Lycée scientifique V. Pareto', 'Lausanne', 'Gymnasial', '2017-2021', 558),
	(1304, 'Etablissement Apples-Bière', 'Apples', 'VG II', '2007-2016', 559),
	(1305, 'Ecole Catholique du Valentin', 'Lausanne', 'Secondaire', '2016-2017', 559),
	(1306, 'Lycée scientifique V. Pareto', 'Lausanne', 'Gymnasial', '2017-2021', 559),
	(1307, 'Montchoisi ', 'Orbe', '2', '2018-2019', 560),
	(1308, 'Montchoisi ', 'Orbe', '2', '2019-202', 560),
	(1309, 'Montchoisi ', 'Orbe', '2', '2020-2021', 560),
	(1310, 'Voir CV', 'Voir CV', 'Voir CV', 'Voir CV', 561),
	(1311, 'Voir CV', 'Voir CV', 'Voir CV', 'Voir CV', 561);
/*!40000 ALTER TABLE `scolarity` ENABLE KEYS */;

DELETE FROM `status`;
/*!40000 ALTER TABLE `status` DISABLE KEYS */;
INSERT INTO `status` (`status_value`) VALUES
	('Incomplet'),
	('Invalide'),
	('Nouveau'),
	('Refusé'),
	('Valide'),
	('En entretien');
/*!40000 ALTER TABLE `status` ENABLE KEYS */;


DELETE FROM `training`;
/*!40000 ALTER TABLE `training` DISABLE KEYS */;
INSERT INTO `training` (`training_id`, `training_job`, `training_company`, `fk_applicant_id`) VALUES
	(786, 'Employé de commerce', 'Allianz', 472),
	(804, 'ASSC', 'EMS Baumettes', 483),
	(805, 'Laborant en Biologie', 'Laboratoire de recherche hépatologie', 483),
	(806, 'Droguiste', 'Droguerie Jaquet, Vevey', 484),
	(807, 'Laborantine en chimie', 'TRB Chemedica, Vouvry', 484),
	(808, 'Laborantine en chimie', 'Bachem, Vionnaz', 484),
	(809, 'vétérinaire ', 'Cabinet vétérinaire Vetanimo SA', 485),
	(810, 'coiffeuse ', 'Ecole de coiffure d\'Yverdon ', 485),
	(811, 'Laborantine ', 'HIB Payerne', 485),
	(812, 'Maîtresse d\'école 3-4p', 'collège de Thierrens', 485),
	(813, 'veolia', 'ingenieur process', 486),
	(814, 'SICPA', 'Laborantin chimie', 487),
	(815, 'Laborantin en chimie', 'Takeda, Neuchâtel', 488),
	(816, 'assistante médical ', 'Dr Abram Morel(orbe)', 490),
	(817, 'enseignante ', 'école secondaire de Orbe ', 490),
	(818, 'assistante médical ', 'Dr Abram Morel(orbe)', 491),
	(819, 'enseignante ', 'école secondaire de Orbe ', 491),
	(820, 'Educateur', 'Ecole Montessori, Châtel-St-Denis', 492),
	(821, 'Charpentier', 'Perroud Sarl, Attalens', 492),
	(822, 'Maçon', 'R. Emonet S.A, Tatroz', 492),
	(823, 'Polymécanicien', 'APCO, Aigle', 492),
	(824, 'Pharmacie', 'Pharmacie Centrale Anton&Willem-Herboriste', 493),
	(825, 'Agente en information documentaire', 'Orientation professionnelle - Région Nord', 494),
	(826, 'Gestionnaire de commerce de détail', 'Jysk', 494),
	(827, 'Boulanger - Pâtissier', 'Sorge Rocco', 494),
	(828, 'Cuisinier', 'La Diligence', 494),
	(829, 'Sicpa', 'laborantin', 497),
	(830, 'Laborantin en chimie', 'Université de Fribourg', 498),
	(831, 'Chimiste', 'EPFL', 499),
	(832, 'Laborantine en chimie', 'SCAV', 499),
	(833, 'Laborantin en biologie', 'SCAV', 499),
	(834, 'Pharmacie de Lucens    ', 'Assistante en pharmacie', 500),
	(835, 'Assistant dentaire (1j)', 'Espace dentaire', 501),
	(836, 'Gcd (5j)', 'Salt', 501),
	(837, 'Laborantin (3j)', 'Dianalabs', 501),
	(838, 'Assistant dentaire (3j)', 'Adent', 501),
	(839, 'Laborantin en chimie', 'Aproz sources minérales SA', 502),
	(840, 'Laborantin en chimie', 'HES-SO', 502),
	(841, 'LEMO', 'Montage de pièces détachées ', 503),
	(842, 'DDI Groupe', 'Employé de commerce ', 503),
	(845, 'Laborantine en chimie', 'UNIGE', 505),
	(846, 'Laborantine en biologie', 'UNIGE', 505),
	(847, 'Bouchère', 'Boucherie Bally', 505),
	(852, 'Laborantine en Biologie', 'Institut Central des Hôpitaux', 509),
	(853, 'informaticien', 'Matisa', 510),
	(854, 'Laborantine', 'Unil', 511),
	(855, 'Laborantine', 'Service de l\'eau', 511),
	(856, 'Full-stack Web Developer Internship', 'DPM Full-Stack Web Agency, Tehran, Iran', 512),
	(857, 'Summer Internship', 'Sharif University of Technology, Intelligent Information Systems Lab', 512),
	(858, 'polymécanicienne', 'EPFL ', 513),
	(859, 'horlogerie', 'Lionel Meylan', 513),
	(860, 'Manor', 'Gestionnaire du commerce de détail (Consumer-Electronic)', 514),
	(861, 'Privatel', 'Gestionnaire du commerce de détail(Consumer-Electronic)', 514),
	(862, 'agent en information documentaire ', 'Orientation scolaire et professionnelle ', 515),
	(863, 'Gestionnaire de commerce de détail', 'Jysk', 515),
	(864, 'Informaticien', 'Sunstar', 516),
	(865, 'laborantine en biologie', 'Argot Lab, Lausanne', 517),
	(866, 'laborantine en chimie', 'Bachem, Vionnaz', 517),
	(867, 'laborantine en chimie', 'TRB Chemedica, Vouvry', 517),
	(868, 'Educateur', 'Ecole Montessori, Châtel-St-Denis', 518),
	(869, 'Charpentier', 'Perroud Sarl, Attalens', 518),
	(870, 'Maçon', 'R. Emonet S.A, Tatroz', 518),
	(871, 'Polymécanicien', 'APCO, Aigle', 518),
	(872, 'Laborantine en chimie', 'UNIGE', 519),
	(873, 'Laborantine en biologie', 'UNIGE', 519),
	(874, 'Laborantine en biologie', 'CHUV', 519),
	(875, 'Laborantine en chimie', 'UNIL', 519),
	(878, 'Assistante en pharmacie', 'Pharmacie de Lucens    ', 521),
	(879, 'ASSC', 'EMS Baumettes', 522),
	(880, 'Laborant en Biologie', 'Laboratoire de recherche hépatologie', 522),
	(881, 'Electronicien', 'CPNV', 523),
	(882, 'employé de commerce', 'Textura', 524),
	(883, 'employé de commerce', 'Autoromanel', 524),
	(884, 'employé de commerce', 'Hôtel de l\'union', 524),
	(885, 'informaticienne', 'p-concept', 525),
	(886, 'informaticinne', 'webromand', 525),
	(887, 'Informaticien', 'Malera.com, Vevey', 526),
	(888, 'Informaticien', 'Université de Fribourg', 526),
	(889, 'Automaticien', 'Starrag, Vuadens', 526),
	(890, 'Dessinateur en bâtiment', 'Schmidt Architecture Châtel-St-Denis', 526),
	(891, 'Paysagiste', 'Pilliod Paysages SàRL', 527),
	(892, 'ébéniste-menuisier', 'Damien Berchier', 528),
	(893, 'droguiste', 'Droguerie Roggen', 528),
	(894, 'laborantin en biologie', 'CHUV', 528),
	(895, 'pharmacien', 'Pharmacie Amavita Alpha', 528),
	(896, 'Animatrice pédagogique', 'Parc animalier de Sainte Croix', 529),
	(897, 'Ethologue ', 'Zoo du CERZA', 529),
	(898, 'Recherche en écologie', 'CEREEP', 529),
	(899, 'stages infirmiers de 2009 à 2012', 'Hôpital d\'Argenteuil ( France)', 529),
	(900, 'Informaticien d\'entreprise', 'ORIF SIT', 530),
	(901, 'Informaticien d\'entreprise', 'RMSoft SA', 530),
	(902, 'Informaticien d\'entreprise', 'ERACOM', 530),
	(903, 'informaticien', 'ETML', 531),
	(904, 'Informatique', 'ARC Logiciels SA', 533),
	(905, 'Dessinateur architecture', 'Mollard Domenjoz SA', 533),
	(906, 'Contrôleur aérien', 'Cornavin', 533),
	(907, 'Polymécanicien', 'ETML', 534),
	(908, 'Informaticien', 'ETML', 534),
	(909, 'Ebéniste', 'ETML', 534),
	(910, 'Mécanicien sur cycles', 'Véloland', 534),
	(911, 'Laborantin en biologie', 'HUG', 535),
	(912, 'Laborantin en chimie', 'HUG', 535),
	(913, 'Electronicien', 'Ecole d\'électronique / Petit-Lancy', 535),
	(914, 'Polymécanicien ', 'Tesa ', 536),
	(915, 'Polymécanicien', 'SIL C-For', 536),
	(916, 'Constructeur métallique ', 'Flotron Construction', 536),
	(917, 'Automaticien ', 'SIL C-For', 536),
	(918, 'Electronicien-Automatisme', 'CNPV', 537),
	(919, 'Polymecanicien', 'ETML', 537),
	(920, 'Laborantin chimie', 'Ecole professionnelle intercantonale de la chimie', 538),
	(921, 'Laborantin physique', 'AC Contrôle Sàrl', 538),
	(922, 'Geomaticien', 'Géo solutions ingénieurs SA', 538),
	(923, 'Voir CV', '', 539),
	(924, 'Informatique', 'Protocol SA Lausanne', 540),
	(925, 'Employé de Commerce', 'Friderici Spécial SA', 542),
	(926, 'Employé de Commerce', 'Login Formation professionnelle SA', 542),
	(927, 'Employée de commerce ', 'Retraites Populaires ', 543),
	(928, 'Répétitrice en français et mathématiques ', 'Palimé ', 543),
	(929, 'électroplaste', 'galmia', 544),
	(930, 'électroplaste', 'carand\'ache', 544),
	(931, 'Laborantine', 'Orif de Pomy', 545),
	(932, 'Vétérinaire', 'Cabinet d\'Ecublens', 549),
	(933, 'Fiduciaire', 'Fiducal Fiduciaire Prilly', 549),
	(934, 'Laborantin en chimie', 'Braun Médical Crissier', 549),
	(935, 'Laborantin en physique', 'Braun Médical Crissier', 549),
	(936, 'Vétérinaire', 'Cabinet d\'Ecublens', 550),
	(937, 'Fiduciaire', 'Fiducal Fiduciaire Prilly', 550),
	(938, 'Laborantin en chimie', 'Braun Médical Crissier', 550),
	(939, 'Laborantin en physique', 'Braun Médical Crissier', 550),
	(940, 'Médical', 'CHUV', 552),
	(941, 'Laborantin', 'UNIL FBM', 552),
	(942, 'Stage en robotique', 'EPFL, Lausanne', 553),
	(943, 'Mécanicien en maintenance  d\'automobiles', 'Garage Bandieri, Bassins', 554),
	(944, 'Informaticien ', 'Bobst', 554),
	(945, 'Employé de commerce', 'Griftextil', 555),
	(946, 'Médiatrice scientifique', 'Musée de la main UNIL-CHUV', 556),
	(947, 'Médiatrice scientifique', 'AQUATIS Aquarium-Vivarium', 556),
	(948, 'Informatique', 'Schilliger', 557),
	(949, 'Laborantine en chimie ', 'Direction des eaux état de vaud ', 560),
	(950, 'Laborantine en chimie ', 'Nestlé', 560),
	(951, 'Laborantine en biologie ', 'Hôpital d’yverdon', 560),
	(952, 'Laborantine en physique ', 'Usine métallurgique de valorbe', 560);
/*!40000 ALTER TABLE `training` ENABLE KEYS */;

DELETE FROM `email_template`;
/*!40000 ALTER TABLE `email_template` DISABLE KEYS */;
INSERT INTO `email_template` (`template_id`,`title`, `subject`, `content`) VALUES
('1','ACCUSE DE RECEPTION', 'Votre candidature pour une place d’apprentissage à l’EPFL', 'Nous venons d’enregistrer votre candidature et vous remercions de votre intérêt pour la formation professionnelle à l’Ecole polytechnique fédérale de Lausanne.\n\nNous allons étudier votre dossier avec la plus grande attention et nous ne manquerons pas de vous contacter si votre profil répond à nos attentes.\n\nAvec nos meilleures salutations.\n\nFormation Apprentis EPFL'),
('2','NON APRES EXAMEN DOSSIER DE CANDIDATURE', 'Votre candidature pour une place d’apprentissage à l’EPFL', 'Nous nous référons à votre candidature pour un apprentissage de [METIER] dans notre Ecole.\n\nAprès examen de votre dossier, nous sommes au regret de vous informer que votre candidature n’a pas été retenue, d’autres candidats répondant d’avantage au profil recherché.\n\nNous vous souhaitons plein succès dans vos recherches d’une place d’apprentissage et vous adressons nos meilleures salutations.\n\nFormation Apprentis EPFL'),
('3','NON APRES ENTRETIEN / STAGE / TEST PRATIQUE', 'Votre candidature pour une place d’apprentissage à l’EPFL', 'Nous nous référons à votre candidature pour un apprentissage de [METIER] dans notre Ecole.\n\nNous avons malheureusement le regret de vous informer qu’après votre entretien personnel avec nos formateurs en entreprise (suite au test d’aptitudes pratiques que vous avez effectué dans notre Ecole), votre candidature n’a finalement pas été retenue, d’autres candidats répondant d’avantage au profil recherché.\n\nNous vous souhaitons plein succès dans vos recherches d’une place d’apprentissage et vous adressons nos meilleures salutations.\n\nFormation Apprentis EPFL'),
('4','NON FINAL', 'Votre candidature pour une place d’apprentissage à l’EPFL', 'Nous nous référons à votre candidature pour un apprentissage de [METIER] dans notre Ecole et vous remercions pour les démarches que vous avez entreprises dans le cadre de notre procédure de recrutement de nos futurs apprentis et apprenties.\n\nNous avons malheureusement le regret de vous informer que nous n’avons finalement pas retenu votre candidature, d’autres candidats répondant d’avantage au profil recherché.\n\nNous vous souhaitons plein succès dans vos recherches d’une place d’apprentissage et vous adressons nos meilleures salutations.\n\nFormation Apprentis EPFL'),
('5','FIN SELECTION', 'Votre candidature pour une place d’apprentissage à l’EPFL', 'Nous avons bien reçu votre candidature pour un apprentissage de [METIER] et vous remercions de votre intérêt pour la formation professionnelle à l’Ecole polytechnique fédérale de Lausanne.\n\nEn réponse nous devons toutefois vous informer que nous avons aujourd’hui terminé la sélection de nos futur-e-s apprenti-e-s pour cette profession.\n\nNous vous souhaitons plein succès dans vos recherches d’une place d’apprentissage et vous adressons nos meilleures salutations.\n\nFormation Apprentis EPFL'),
('6','DOSSIER INCOMPLET', 'Votre candidature pour une place d’apprentissage à l’EPFL', 'Nous avons bien reçu votre candidature pour un apprentissage de [METIER] et vous remercions de votre intérêt pour la formation professionnelle à l’Ecole polytechnique fédérale de Lausanne.\n\nVotre dossier de candidature étant incomplet, nous ne pouvons malheureusement y donner une suite favorable.\n\nNous vous souhaitons plein succès dans vos recherches d’une place d’apprentissage et vous adressons nos meilleures salutations.\n\nFormation Apprentis EPFL'),
/*!40000 ALTER TABLE `email_template` ENABLE KEYS */;


/*!40101 SET SQL_MODE=IFNULL(@OLD_SQL_MODE, '') */;
/*!40014 SET FOREIGN_KEY_CHECKS=IF(@OLD_FOREIGN_KEY_CHECKS IS NULL, 1, @OLD_FOREIGN_KEY_CHECKS) */;
/*!40101 SET CHARACTER_SET_CLIENT=@OLD_CHARACTER_SET_CLIENT */;
